#;Release;Date exact;Release source;Card;Set code;Number;Edition;Variant;Variant name;Set / expansion;Rarity;Artist;Known finishes;Finish evidence;Langs;EN;FR;DE;IT;ES;PT;NL;PL;RU;JA;KO;ZH-T;ZH-S;ID;TH;Cardmarket URL
1;1997-03-05;yes;https://bulbapedia.bulbagarden.net/wiki/Jungle_%28TCG%29;Snorlax;PJU;;—;base;;Pokémon Jungle;Holo Rare;;holo;confirmed;1;;;;;;;;;;X;;;;;;https://www.cardmarket.com/en/Pokemon/Products/Singles/Pokemon-Jungle/Snorlax
2;1997-12;yes;;Hungry Snorlax;UNP;;—;base;;Unnumbered Promos;Promo;;holo;confirmed;1;;;;;;;;;;X;;;;;;https://www.cardmarket.com/en/Pokemon/Products/Singles/Unnumbered-Promos/Hungry-Snorlax
3;1998-03-23;yes;;Snorlax;EXS;;—;base;;Expansion Sheet;Uncommon;Keita Takahashi;non-holo;confirmed;1;;;;;;;;;;X;;;;;;https://www.cardmarket.com/en/Pokemon/Products/Singles/Expansion-Sheet/Snorlax-EXS
4;1999-06-16;yes;;Snorlax;JU;11;1st Edition;V1;;Jungle;Holo Rare;Ken Sugimori;holo;confirmed;7;X;X;X;X;X;X;X;;;;;;;;;https://www.cardmarket.com/en/Pokemon/Products/Singles/Jungle/Snorlax-V1-JU11
5;1999-06-16;yes;;Snorlax;JU;11;Unlimited;V1;;Jungle;Holo Rare;Ken Sugimori;holo;confirmed;7;X;X;X;X;X;X;X;;;;;;;;;https://www.cardmarket.com/en/Pokemon/Products/Singles/Jungle/Snorlax-V1-JU11
6;1999-06-16;yes;;Snorlax;JU;27;1st Edition;V2;;Jungle;Rare;Ken Sugimori;non-holo;confirmed, marketplace-claimed;7;X;X;X;X;X;X;X;;;;;;;;;https://www.cardmarket.com/en/Pokemon/Products/Singles/Jungle/Snorlax-V2-JU27
7;1999-06-16;yes;;Snorlax;JU;27;Unlimited;V2;;Jungle;Rare;Ken Sugimori;non-holo;confirmed, marketplace-claimed;7;X;X;X;X;X;X;X;;;;;;;;;https://www.cardmarket.com/en/Pokemon/Products/Singles/Jungle/Snorlax-V2-JU27
8;1999-06-25;yes;https://bulbapedia.bulbagarden.net/wiki/Gym_Challenge_%28TCG%29;Rocket's Snorlax;G2;;—;base;;Challenge from the Darkness;Rare;;non-holo;marketplace-claimed;1;;;;;;;;;;X;;;;;;https://www.cardmarket.com/en/Pokemon/Products/Singles/Challenge-from-the-Darkness/Rockets-Snorlax-CFTD
9;2000-02-24;yes;;Snorlax;B2;30;Unlimited;base;;Base Set 2;Rare;Ken Sugimori;non-holo;confirmed;1;X;;;;;;;;;;;;;;;https://www.cardmarket.com/en/Pokemon/Products/Singles/Base-Set-2/Snorlax-B230
10;2000-08-14;yes;;Rocket's Snorlax;GH;33;1st Edition;base;;Gym Heroes;Rare;Shin-ichi Yoshida;non-holo;confirmed;1;X;;;;;;;;;;;;;;;https://www.cardmarket.com/en/Pokemon/Products/Singles/Gym-Heroes/Rockets-Snorlax-GH33
11;2000-08-14;yes;;Rocket's Snorlax;GH;33;Unlimited;base;;Gym Heroes;Rare;Shin-ichi Yoshida;non-holo;confirmed;1;X;;;;;;;;;;;;;;;https://www.cardmarket.com/en/Pokemon/Products/Singles/Gym-Heroes/Rockets-Snorlax-GH33
12;2002-05-24;yes;;Snorlax;LC;64;Unlimited;base;;Legendary Collection;Uncommon;Ken Sugimori;non-holo, reverse-holo;confirmed;1;X;;;;;;;;;;;;;;;https://www.cardmarket.com/en/Pokemon/Products/Singles/Legendary-Collection/Snorlax-LC64
13;2002-08;yes;;Snorlax;WP;49;—;base;;Wizards Black Star Promos;Promo;Craig Turvey;non-holo;confirmed;1;X;;;;;;;;;;;;;;;https://www.cardmarket.com/en/Pokemon/Products/Singles/Wizards-Black-Star-Promos/Snorlax-WP49
14;2002-10-04;yes;https://bulbapedia.bulbagarden.net/wiki/Skyridge_%28TCG%29;Snorlax;EC5;062;1st Edition;base;;Mysterious Mountains;Common;;non-holo;marketplace-claimed;1;;;;;;;;;;X;;;;;;https://www.cardmarket.com/en/Pokemon/Products/Singles/Mysterious-Mountains/Snorlax-EC5062
15;2002-10-04;yes;https://bulbapedia.bulbagarden.net/wiki/Skyridge_%28TCG%29;Snorlax;EC5;062;Unlimited;base;;Mysterious Mountains;Common;;non-holo;marketplace-claimed;1;;;;;;;;;;X;;;;;;https://www.cardmarket.com/en/Pokemon/Products/Singles/Mysterious-Mountains/Snorlax-EC5062
16;2003-05-12;yes;;Snorlax;SK;100;—;base;;Skyridge;Common;Naoyo Kimura;non-holo, reverse-holo;confirmed;3;X;;X;X;;;;;;;;;;;;https://www.cardmarket.com/en/Pokemon/Products/Singles/Skyridge/Snorlax-SK100
17;2004-04-09;yes;https://bulbapedia.bulbagarden.net/wiki/EX_FireRed_%26_LeafGreen_%28TCG%29;Snorlax;PCG1;074;1st Edition;base;;Flight of Legends;Holo Rare;;non-holo, holo;confirmed;1;;;;;;;;;;X;;;;;;https://www.cardmarket.com/en/Pokemon/Products/Singles/Flight-of-Legends/Snorlax-PCG1074
18;2004-04-09;yes;https://bulbapedia.bulbagarden.net/wiki/EX_FireRed_%26_LeafGreen_%28TCG%29;Snorlax;PCG1;074;Unlimited;base;;Flight of Legends;Holo Rare;;non-holo, holo;confirmed;1;;;;;;;;;;X;;;;;;https://www.cardmarket.com/en/Pokemon/Products/Singles/Flight-of-Legends/Snorlax-PCG1074
19;2004-08-30;yes;https://bulbapedia.bulbagarden.net/wiki/EX_FireRed_%26_LeafGreen_%28TCG%29;Snorlax;FL;15;—;base;;EX FireRed & LeafGreen;Holo Rare;Kagemaru Himeno;holo, reverse-holo;confirmed;4;X;X;X;X;;;;;;;;;;;;https://www.cardmarket.com/en/Pokemon/Products/Singles/EX-FireRed-LeafGreen/Snorlax-FL15
20;2004-10-15;yes;https://bulbapedia.bulbagarden.net/wiki/EX_Team_Rocket_Returns_%28TCG%29;Rocket's Snorlax ex;PCG3;062;1st Edition;base;;Rocket Gang Strikes Back;Ultra Rare;;non-holo, holo;confirmed;1;;;;;;;;;;X;;;;;;https://www.cardmarket.com/en/Pokemon/Products/Singles/Rocket-Gang-Strikes-Back/Rockets-Snorlax-ex-PCG3062
21;2004-10-15;yes;https://bulbapedia.bulbagarden.net/wiki/EX_Team_Rocket_Returns_%28TCG%29;Rocket's Snorlax ex;PCG3;062;Unlimited;base;;Rocket Gang Strikes Back;Ultra Rare;;non-holo, holo;confirmed;1;;;;;;;;;;X;;;;;;https://www.cardmarket.com/en/Pokemon/Products/Singles/Rocket-Gang-Strikes-Back/Rockets-Snorlax-ex-PCG3062
22;2004-11-08;yes;https://bulbapedia.bulbagarden.net/wiki/EX_Team_Rocket_Returns_%28TCG%29;Rocket's Snorlax ex;TRR;104;—;base;;EX Team Rocket Returns;Ultra Rare;Mitsuhiro Arita;holo;confirmed;2;X;;;;;X;;;;;;;;;;https://www.cardmarket.com/en/Pokemon/Products/Singles/EX-Team-Rocket-Returns/Rockets-Snorlax-ex-TRR104
23;2006-06-29;yes;https://bulbapedia.bulbagarden.net/wiki/EX_Dragon_Frontiers_%28TCG%29;Snorlax δ Delta Species;PCG9;001;1st Edition;base;;Offense and Defense of the Furthest Ends;Holo Rare;;holo;confirmed;1;;;;;;;;;;X;;;;;;https://www.cardmarket.com/en/Pokemon/Products/Singles/Offense-and-Defense-of-the-Furthest-Ends/Snorlax-Delta-Species-PCG9001
24;2006-06-29;yes;https://bulbapedia.bulbagarden.net/wiki/EX_Dragon_Frontiers_%28TCG%29;Snorlax δ Delta Species;PCG9;001;Unlimited;base;;Offense and Defense of the Furthest Ends;Holo Rare;;holo;confirmed;1;;;;;;;;;;X;;;;;;https://www.cardmarket.com/en/Pokemon/Products/Singles/Offense-and-Defense-of-the-Furthest-Ends/Snorlax-Delta-Species-PCG9001
25;2006-11-08;yes;https://bulbapedia.bulbagarden.net/wiki/EX_Dragon_Frontiers_%28TCG%29;Snorlax δ Delta Species;DF;10;—;base;;EX Dragon Frontiers;Holo Rare;Masakazu Fukuda;holo, reverse-holo;confirmed;4;X;X;X;X;;;;;;;;;;;;https://www.cardmarket.com/en/Pokemon/Products/Singles/EX-Dragon-Frontiers/Snorlax-Delta-Species-DF10
26;2006-11-30;yes;https://bulbapedia.bulbagarden.net/wiki/Diamond_%26_Pearl_%28TCG%29;Snorlax Lv.35;DP1;;1st Edition;base;;Space-Time Creation;Uncommon;Ken Sugimori;non-holo;marketplace-claimed;1;;;;;;;;;;X;;;;;;https://www.cardmarket.com/en/Pokemon/Products/Singles/Space-Time-Creation/Snorlax-Lv35-DP1
27;2006-11-30;yes;https://bulbapedia.bulbagarden.net/wiki/Diamond_%26_Pearl_%28TCG%29;Snorlax Lv.35;DP1;;Unlimited;base;;Space-Time Creation;Uncommon;Ken Sugimori;non-holo;marketplace-claimed;1;;;;;;;;;;X;;;;;;https://www.cardmarket.com/en/Pokemon/Products/Singles/Space-Time-Creation/Snorlax-Lv35-DP1
28;2007-05-23;yes;https://bulbapedia.bulbagarden.net/wiki/Diamond_%26_Pearl_%28TCG%29;Snorlax Lv.35;DP;37;—;base;;Diamond & Pearl;Rare;Ken Sugimori;non-holo, reverse-holo;confirmed;7;X;X;X;X;X;X;;X;;;;;;;;https://www.cardmarket.com/en/Pokemon/Products/Singles/Diamond-Pearl/Snorlax-Lv35-DP37
29;2008-10;yes;;Snorlax Lv.37;DP-P;126;—;base;;DP Promos;Promo;Kagemaru Himeno;holo;confirmed;1;;;;;;;;;;X;;;;;;https://www.cardmarket.com/en/Pokemon/Products/Singles/DP-Promos/Snorlax-Lv37
30;2008-12;yes;;Snorlax Lv.X;DP-P;127;—;base;;DP Promos;Promo;Shizurow;holo;confirmed, pending;2;;;;;;;;;;X;X;;;;;https://www.cardmarket.com/en/Pokemon/Products/Singles/DP-Promos/Snorlax-LvX
31;2008-12-26;yes;https://bulbapedia.bulbagarden.net/wiki/Rising_Rivals_%28TCG%29;Snorlax Lv.40;Pt2;070;1st Edition;base;;Bonds to the End of Time;Common;Kouki Saitou;non-holo, reverse-holo;marketplace-claimed;1;;;;;;;;;;X;;;;;;https://www.cardmarket.com/en/Pokemon/Products/Singles/Bonds-to-the-End-of-Time/Snorlax-Lv40-Pt2070
32;2008-12-26;yes;https://bulbapedia.bulbagarden.net/wiki/Rising_Rivals_%28TCG%29;Snorlax Lv.40;Pt2;070;Unlimited;base;;Bonds to the End of Time;Common;Kouki Saitou;non-holo, reverse-holo;marketplace-claimed;1;;;;;;;;;;X;;;;;;https://www.cardmarket.com/en/Pokemon/Products/Singles/Bonds-to-the-End-of-Time/Snorlax-Lv40-Pt2070
33;2009-05-16;yes;;Snorlax LV.X;RR;111;—;base;;Rising Rivals;Ultra Rare;Shizurow;holo;confirmed;4;X;X;X;X;;;;;;;;;;;;https://www.cardmarket.com/en/Pokemon/Products/Singles/Rising-Rivals/Snorlax-LVX-RR111
34;2009-05-16;yes;;Snorlax Lv.37;RR;33;—;V1;;Rising Rivals;Rare;Kagemaru Himeno;non-holo, reverse-holo;confirmed;4;X;X;X;X;;;;;;;;;;;;https://www.cardmarket.com/en/Pokemon/Products/Singles/Rising-Rivals/Snorlax-Lv37-V1-RR33
35;2009-05-16;yes;;Snorlax Lv.37;RR;33;—;V2;;Rising Rivals;Promo;Kagemaru Himeno;holo;confirmed, pending;3;X;X;X;;;;;;;;;;;;;https://www.cardmarket.com/en/Pokemon/Products/Singles/Rising-Rivals/Snorlax-Lv37-V2-RR33
36;2009-05-16;yes;;Snorlax Lv.40;RR;81;—;base;;Rising Rivals;Common;Kouki Saitou;non-holo, reverse-holo;confirmed;4;X;X;X;X;;;;;;;;;;;;https://www.cardmarket.com/en/Pokemon/Products/Singles/Rising-Rivals/Snorlax-Lv40-RR81
37;2010-04-16;yes;https://bulbapedia.bulbagarden.net/wiki/Lost_Link_%28TCG%29;Snorlax;LL;028;Unlimited;base;;Lost Link;Holo Rare;Kent Kanetsuna;holo;confirmed;1;;;;;;;;;;X;;;;;;https://www.cardmarket.com/en/Pokemon/Products/Singles/Lost-Link/Snorlax-LL028
38;2011-02-09;yes;;Snorlax;CL;33;—;V1;;Call of Legends;Rare;Kent Kanetsuna;non-holo, reverse-holo;confirmed;4;X;X;X;X;;;;;;;;;;;;https://www.cardmarket.com/en/Pokemon/Products/Singles/Call-of-Legends/Snorlax-V1-CL33
39;2011-02-09;yes;;Snorlax;CL;33;—;V2;;Call of Legends;Promo;Kent Kanetsuna;holo;confirmed, pending;3;X;X;X;;;;;;;;;;;;;https://www.cardmarket.com/en/Pokemon/Products/Singles/Call-of-Legends/Snorlax-V2-CL000
40;2012-04-20;yes;https://bulbapedia.bulbagarden.net/wiki/National_Beginning_Set_%28TCG%29;Snorlax;HSZ;027;—;base;;National Pokédex Beginning Set;Fixed;Ken Sugimori;;pending;1;;;;;;;;;;X;;;;;;https://www.cardmarket.com/en/Pokemon/Products/Singles/National-Pokedex-Beginning-Set/Snorlax
41;2012-09-14;yes;https://bulbapedia.bulbagarden.net/wiki/Plasma_Storm_%28TCG%29;Snorlax;BW7;055;1st Edition;base;;Plasma Gale;Uncommon;5ban Graphics;non-holo;marketplace-claimed;1;;;;;;;;;;X;;;;;;https://www.cardmarket.com/en/Pokemon/Products/Singles/Plasma-Gale/Snorlax-BW7055
42;2012-09-14;yes;https://bulbapedia.bulbagarden.net/wiki/Plasma_Storm_%28TCG%29;Snorlax;BW7;055;Unlimited;base;;Plasma Gale;Uncommon;5ban Graphics;non-holo;marketplace-claimed;2;;;;;;;;;;X;X;;;;;https://www.cardmarket.com/en/Pokemon/Products/Singles/Plasma-Gale/Snorlax-BW7055
43;2012-11-07;yes;;Snorlax;BCR;109;—;base;;Boundaries Crossed;Uncommon;Ken Sugimori;non-holo, reverse-holo;confirmed;6;X;X;X;X;X;X;;;;;;;;;;https://www.cardmarket.com/en/Pokemon/Products/Singles/Boundaries-Crossed/Snorlax-BCR109
44;2013-02;yes;;Snorlax;BW-P;207;—;base;;BW Promos;Promo;5ban Graphics;reverse-holo;marketplace-claimed;1;;;;;;;;;;X;;;;;;https://www.cardmarket.com/en/Pokemon/Products/Singles/BW-Promos/Snorlax-BW-P207
45;2013-02-06;yes;;Snorlax;PLS;101;—;base;;Plasma Storm;Rare;5ban Graphics;non-holo, reverse-holo;confirmed;6;X;X;X;X;X;X;;;;;;;;;;https://www.cardmarket.com/en/Pokemon/Products/Singles/Plasma-Storm/Snorlax-PLS101
46;2013-11-08;yes;https://bulbapedia.bulbagarden.net/wiki/Kalos_Starter_Set_%28TCG%29;Snorlax;HXY;026;—;base;;XY Beginning Set;Fixed;Naoki Saito;;pending;2;;;;;;;;;;X;X;;;;;https://www.cardmarket.com/en/Pokemon/Products/Singles/XY-Beginning-Set/Snorlax
47;2013-11-08;yes;;Snorlax;KSS;26;—;base;;XY Kalos Starter Set;Common;Naoki Saito;non-holo, reverse-holo;confirmed, marketplace-claimed;7;X;X;X;X;X;X;;;X;;;;;;;https://www.cardmarket.com/en/Pokemon/Products/Singles/XY-Kalos-Starter-Set/Snorlax-KSS26
48;2014-03-15;yes;https://bulbapedia.bulbagarden.net/wiki/Flashfire_%28TCG%29;Snorlax;XY2;066;1st Edition;base;;Wild Blaze;Uncommon;Mitsuhiro Arita;non-holo;marketplace-claimed;1;;;;;;;;;;X;;;;;;https://www.cardmarket.com/en/Pokemon/Products/Singles/Wild-Blaze/Snorlax-XY2066
49;2014-03-15;yes;https://bulbapedia.bulbagarden.net/wiki/Flashfire_%28TCG%29;Snorlax;XY2;066;Unlimited;base;;Wild Blaze;Uncommon;Mitsuhiro Arita;non-holo;marketplace-claimed;2;;;;;;;;;;X;X;;;;;https://www.cardmarket.com/en/Pokemon/Products/Singles/Wild-Blaze/Snorlax-XY2066
50;2014-05-07;yes;;Snorlax;FLF;80;—;V1;;Flashfire;Rare;Mitsuhiro Arita;non-holo, reverse-holo;confirmed;7;X;X;X;X;X;X;;;X;;;;;;;https://www.cardmarket.com/en/Pokemon/Products/Singles/Flashfire/Snorlax-V1-FLF80
51;2015-07;yes;;Snorlax;XY-P;149;—;V1;;XY Promos;Promo;;reverse-holo;marketplace-claimed;2;;;;;;;;;;X;X;;;;;https://www.cardmarket.com/en/Pokemon/Products/Singles/XY-Promos/Snorlax-V1-XY-P149
52;2015-11-04;yes;;Snorlax;BKT;118;—;base;;BREAKthrough;Uncommon;Kouki Saitou;non-holo, reverse-holo;confirmed;7;X;X;X;X;X;X;;;X;;;;;;;https://www.cardmarket.com/en/Pokemon/Products/Singles/BREAKthrough/Snorlax-BKT118
53;2016-02-22;yes;;Snorlax;GEN;58;—;base;;Generations;Rare;Mitsuhiro Arita;non-holo, reverse-holo;confirmed, marketplace-claimed;6;X;X;X;X;X;X;;;;;;;;;;https://www.cardmarket.com/en/Pokemon/Products/Singles/Generations/Snorlax-GEN58
54;2016-02-27;yes;https://bulbapedia.bulbagarden.net/wiki/Generations_%28TCG%29;Snorlax;20th;047;Unlimited;base;;BREAK Starter Pack;Fixed;Mitsuhiro Arita;reverse-holo;marketplace-claimed;2;;;;;;;;;;X;X;;;;;https://www.cardmarket.com/en/Pokemon/Products/Singles/BREAK-Starter-Pack/Snorlax-20th047
55;2016-03-18;yes;https://bulbapedia.bulbagarden.net/wiki/Fates_Collide_%28TCG%29;Snorlax;XY10;057;1st Edition;base;;Awakening Psychic King;Common;Tomokazu Komiya;non-holo;marketplace-claimed;1;;;;;;;;;;X;;;;;;https://www.cardmarket.com/en/Pokemon/Products/Singles/Awakening-Psychic-King/Snorlax
56;2016-03-18;yes;https://bulbapedia.bulbagarden.net/wiki/Fates_Collide_%28TCG%29;Snorlax;XY10;057;Unlimited;base;;Awakening Psychic King;Common;Tomokazu Komiya;non-holo;marketplace-claimed;2;;;;;;;;;;X;X;;;;;https://www.cardmarket.com/en/Pokemon/Products/Singles/Awakening-Psychic-King/Snorlax
57;2016-05-02;yes;;Snorlax;FCO;77;—;base;;Fates Collide;Rare;Tomokazu Komiya;non-holo, reverse-holo;confirmed;6;X;X;X;X;X;X;;;;;;;;;;https://www.cardmarket.com/en/Pokemon/Products/Singles/Fates-Collide/Snorlax-FCO77
58;2016-09-01;yes;;Snorlax;XY-P;261;—;V2;;XY Promos;Promo;;holo, reverse-holo;confirmed;1;;;;;;;;;;X;;;;;;https://www.cardmarket.com/en/Pokemon/Products/Singles/XY-Promos/Snorlax-V2-XY-P261
59;~2016;approx;;Snorlax GX;SM-P;1;—;base;;Sun & Moon Promos;Promo;5ban Graphics;holo;confirmed, pending;2;;;;;;;;;;X;X;;;;;https://www.cardmarket.com/en/Pokemon/Products/Singles/Sun-Moon-Promos/Snorlax-GX-SM-P1
60;2016-12-14;yes;;Snorlax GX;SM;05;—;V2;;SM Black Star Promos;Oversized;5ban Graphics;holo;confirmed, pending;6;X;X;X;X;X;X;;;;;;;;;;https://www.cardmarket.com/en/Pokemon/Products/Singles/SM-Black-Star-Promos/Snorlax-GX-V2-SM05
61;2016-12-14;yes;;Snorlax GX;SM;05;—;base;;SM Black Star Promos;Promo;5ban Graphics;holo;confirmed, pending;6;X;X;X;X;X;X;;;;;;;;;;https://www.cardmarket.com/en/Pokemon/Products/Singles/SM-Black-Star-Promos/Snorlax-GX-SM05
62;2016-12-14;yes;;Snorlax;XYPR;179;—;base;;XY Black Star Promos;Promo;Ken Sugimori;non-holo, holo;confirmed, pending;6;X;X;X;X;X;X;;;;;;;;;;https://www.cardmarket.com/en/Pokemon/Products/Singles/XY-Black-Star-Promos/Snorlax-XYPR179
63;2018-12;yes;;Eevee & Snorlax GX;SM-P;297;—;base;;Sun & Moon Promos;Promo;Tomokazu Komiya;holo;confirmed, pending;2;;;;;;;;;;X;X;;;;;https://www.cardmarket.com/en/Pokemon/Products/Singles/Sun-Moon-Promos/Eevee-Snorlax-GX-SM-P297
64;2018-12-07;yes;;Eevee & Snorlax GX;sm9;066;—;V1;;Tag Bolt;Double Rare;Mitsuhiro Arita;holo;confirmed, pending;2;;;;;;;;;;X;X;;;;;https://www.cardmarket.com/en/Pokemon/Products/Singles/Tag-Bolt/Eevee-Snorlax-GX-V1-sm9066
65;2018-12-07;yes;;Eevee & Snorlax GX;sm9;106;—;V2;;Tag Bolt;Ultra Rare;5ban Graphics;holo;confirmed;1;;;;;;;;;;X;;;;;;https://www.cardmarket.com/en/Pokemon/Products/Singles/Tag-Bolt/Eevee-Snorlax-GX-V2-sm9106
66;2018-12-07;yes;;Eevee & Snorlax GX;sm9;115;—;V3;;Tag Bolt;Rainbow Rare;;holo;confirmed;1;;;;;;;;;;X;;;;;;https://www.cardmarket.com/en/Pokemon/Products/Singles/Tag-Bolt/Eevee-Snorlax-GX-V3-sm9115
67;~2019;approx;;Eevee & Snorlax GX;SM;169;—;base;;SM Black Star Promos;Promo;Tomokazu Komiya;non-holo;confirmed;6;X;X;X;X;X;X;;;;;;;;;;https://www.cardmarket.com/en/Pokemon/Products/Singles/SM-Black-Star-Promos/Eevee-Snorlax-GX-SM169
68;2019-02-01;yes;;Eevee & Snorlax GX;TEU;120;—;V1;;Team Up;Ultra Rare;Mitsuhiro Arita;non-holo, holo;confirmed;6;X;X;X;X;X;X;;;;;;;;;;https://www.cardmarket.com/en/Pokemon/Products/Singles/Team-Up/Eevee-Snorlax-GX-V1-TEU120
69;2019-02-01;yes;;Eevee & Snorlax GX;TEU;171;—;V2;;Team Up;Ultra Rare;5ban Graphics;non-holo, holo;confirmed;6;X;X;X;X;X;X;;;;;;;;;;https://www.cardmarket.com/en/Pokemon/Products/Singles/Team-Up/Eevee-Snorlax-GX-V2-TEU171
70;2019-02-01;yes;;Eevee & Snorlax GX;TEU;191;—;V3;;Team Up;Rainbow Rare;5ban Graphics;non-holo, holo;confirmed;6;X;X;X;X;X;X;;;;;;;;;;https://www.cardmarket.com/en/Pokemon/Products/Singles/Team-Up/Eevee-Snorlax-GX-V3-TEU191
71;2019-03-01;yes;;Snorlax;sm10;076;—;base;;Double Blaze;Rare;;non-holo, holo, reverse-holo;confirmed, marketplace-claimed;2;;;;;;;;;;X;X;;;;;https://www.cardmarket.com/en/Pokemon/Products/Singles/Double-Blaze/Snorlax-sm10076
72;2019-03-15;yes;https://bulbapedia.bulbagarden.net/wiki/Sun_%26_Moon_Family_Pok%C3%A9mon_Card_Game_%28TCG%29;Snorlax;smL;038;—;base;;Sun & Moon Family Pokémon Card Game;Fixed;Akira Komayama;;pending;2;;;;;;;;;;X;X;;;;;https://www.cardmarket.com/en/Pokemon/Products/Singles/Sun-Moon-Family-Pokemon-Card-Game/Snorlax
73;2019-05-03;yes;;Snorlax;UNB;158;—;base;;Unbroken Bonds;Holo Rare;kanahei;non-holo, holo, reverse-holo;confirmed;6;X;X;X;X;X;X;;;;;;;;;;https://www.cardmarket.com/en/Pokemon/Products/Singles/Unbroken-Bonds/Snorlax-UNB158
74;2019-08-23;yes;;Snorlax;HIF;50;—;V1;;Hidden Fates;Rare;Akira Komayama;non-holo, reverse-holo;confirmed;6;X;X;X;X;X;X;;;;;;;;;;https://www.cardmarket.com/en/Pokemon/Products/Singles/Hidden-Fates/Snorlax-V1-HIF50
75;2019-11-29;yes;;Snorlax;sA;10;—;base;;Sword & Shield Starter Decks;Fixed;chibi;;pending;2;;;;;;;;;;X;X;;;;;https://www.cardmarket.com/en/Pokemon/Products/Singles/Sword-Shield-Starter-Decks/Snorlax-sA10
76;2019-12-06;yes;;Snorlax V;s1H;45;—;V1;;Shield;Double Rare;Masakazu Fukuda;holo;confirmed, pending;2;;;;;;;;;;X;X;;;;;https://www.cardmarket.com/en/Pokemon/Products/Singles/Shield/Snorlax-V-V1-s1H45
77;2019-12-06;yes;;Snorlax VMAX;s1H;46;—;V1;;Shield;Triple Rare;aky CG Works;holo;confirmed, pending;2;;;;;;;;;;X;X;;;;;https://www.cardmarket.com/en/Pokemon/Products/Singles/Shield/Snorlax-VMAX-V1-s1H46
78;2019-12-06;yes;;Snorlax V;s1H;66;—;V2;;Shield;Ultra Rare;aky CG Works;holo;confirmed;1;;;;;;;;;;X;;;;;;https://www.cardmarket.com/en/Pokemon/Products/Singles/Shield/Snorlax-V-V2-s1H66
79;2019-12-06;yes;;Snorlax VMAX;s1H;70;—;V2;;Shield;Rainbow Rare;;holo;confirmed;1;;;;;;;;;;X;;;;;;https://www.cardmarket.com/en/Pokemon/Products/Singles/Shield/Snorlax-VMAX-V2-s1H70
80;2020-02-07;yes;;Snorlax;SSH;140;—;base;;Sword & Shield;Rare;chibi;non-holo, reverse-holo;confirmed;6;X;X;X;X;X;X;;;;;;;;;;https://www.cardmarket.com/en/Pokemon/Products/Singles/Sword-Shield/Snorlax-SSH140
81;2020-02-07;yes;;Snorlax V;SSH;141;—;V1;;Sword & Shield;Ultra Rare;Masakazu Fukuda;holo;confirmed;6;X;X;X;X;X;X;;;;;;;;;;https://www.cardmarket.com/en/Pokemon/Products/Singles/Sword-Shield/Snorlax-V-V1-SSH141
82;2020-02-07;yes;;Snorlax VMAX;SSH;142;—;V1;;Sword & Shield;Ultra Rare;aky CG Works;holo;confirmed, pending;6;X;X;X;X;X;X;;;;;;;;;;https://www.cardmarket.com/en/Pokemon/Products/Singles/Sword-Shield/Snorlax-VMAX-V1-SSH142
83;2020-02-07;yes;;Snorlax VMAX;SSH;142;—;V3;;Sword & Shield;Oversized;aky CG Works;holo;confirmed, pending;6;X;X;X;X;X;X;;;;;;;;;;https://www.cardmarket.com/en/Pokemon/Products/Singles/Sword-Shield/Snorlax-VMAX-V3-SSH142
84;2020-02-07;yes;;Snorlax V;SSH;197;—;V2;;Sword & Shield;Ultra Rare;aky CG Works;holo;confirmed;6;X;X;X;X;X;X;;;;;;;;;;https://www.cardmarket.com/en/Pokemon/Products/Singles/Sword-Shield/Snorlax-V-V2-SSH197
85;2020-02-07;yes;;Snorlax VMAX;SSH;206;—;V2;;Sword & Shield;Rainbow Rare;aky CG Works;holo;confirmed;6;X;X;X;X;X;X;;;;;;;;;;https://www.cardmarket.com/en/Pokemon/Products/Singles/Sword-Shield/Snorlax-VMAX-V2-SSH206
86;2020-03-06;yes;;Snorlax;s2;77;—;base;;Rebellion Crash;Uncommon;Eri Yamaki;non-holo, reverse-holo;marketplace-claimed;2;;;;;;;;;;X;X;;;;;https://www.cardmarket.com/en/Pokemon/Products/Singles/Rebellion-Crash/Snorlax-s277
87;2020-05-01;yes;;Snorlax;RCL;141;—;base;;Rebel Clash;Rare;Eri Yamaki;non-holo, reverse-holo;confirmed;6;X;X;X;X;X;X;;;;;;;;;;https://www.cardmarket.com/en/Pokemon/Products/Singles/Rebel-Clash/Snorlax-RCL141
88;~2020;approx;;Snorlax;SWSH;032;—;base;;SWSH Black Star Promos;Promo;Tika Matsuno;holo;confirmed, pending;6;X;X;X;X;X;X;;;;;;;;;;https://www.cardmarket.com/en/Pokemon/Products/Singles/SWSH-Black-Star-Promos/Snorlax-SWSH32
89;2020-06-21;yes;https://bulbapedia.bulbagarden.net/wiki/Battle_Academy_2020_%28TCG%29;Snorlax;BA20;MWT;—;base;;Battle Academy 2020;Fixed;Akira Komayama;non-holo;confirmed, pending;4;X;X;X;X;;;;;;;;;;;;https://www.cardmarket.com/en/Pokemon/Products/Singles/Battle-Academy-2020/Snorlax-HIF50
90;2020-09-18;yes;;Snorlax;s4;84;—;base;;Shocking Volt Tackle;Rare;Atsuko Nishida;non-holo, holo, reverse-holo;confirmed, marketplace-claimed;4;;;;;;;;;;X;X;X;X;;;https://www.cardmarket.com/en/Pokemon/Products/Singles/Shocking-Volt-Tackle/Snorlax-s484
91;~2020;approx;;Snorlax;SWSH;068;—;base;;SWSH Black Star Promos;Promo;Narumi Sato;holo;confirmed;6;X;X;X;X;X;X;;;;;;;;;;https://www.cardmarket.com/en/Pokemon/Products/Singles/SWSH-Black-Star-Promos/Snorlax-SWSH068
92;2020-11-13;yes;;Snorlax;VIV;131;—;V1;;Vivid Voltage;Holo Rare;Atsuko Nishida;holo, reverse-holo;confirmed;6;X;X;X;X;X;X;;;;;;;;;;https://www.cardmarket.com/en/Pokemon/Products/Singles/Vivid-Voltage/Snorlax-V1-VIV131
93;2020-11-13;yes;;Snorlax;VIV;131;—;V2;;Vivid Voltage;Promo;Atsuko Nishida;holo;confirmed, pending;6;X;X;X;X;X;X;;;;;;;;;;https://www.cardmarket.com/en/Pokemon/Products/Singles/Vivid-Voltage/Snorlax-V2-VIV131
94;2021-01-21;yes;;Snorlax;S-P;156;—;base;;Sword & Shield Promos;Promo;Yuya Oka;;pending;1;;;;;;;;;;X;;;;;;https://www.cardmarket.com/en/Pokemon/Products/Singles/Sword-Shield-Promos/Snorlax-S-P156
95;2021-03-19;yes;;Snorlax;s5a;93;—;base;;Matchless Fighters;Secret Rare;;holo, reverse-holo;confirmed;1;;;;;;;;;;X;;;;;;https://www.cardmarket.com/en/Pokemon/Products/Singles/Matchless-Fighter/Snorlax-s5a93
96;2021-06-18;yes;;Snorlax;CRE;224;—;base;;Chilling Reign;Secret Rare;Saki Hayashiro;holo;confirmed;6;X;X;X;X;X;X;;;;;;;;;;https://www.cardmarket.com/en/Pokemon/Products/Singles/Chilling-Reign/Snorlax
97;~2021;approx;;Snorlax;SWSH;119;—;base;;SWSH Black Star Promos;Promo;Yuya Oka;holo;confirmed;6;X;X;X;X;X;X;;;;;;;;;;https://www.cardmarket.com/en/Pokemon/Products/Singles/SWSH-Black-Star-Promos/Snorlax-V3
98;2021-07-09;yes;;Snorlax;sH;038;—;base;;Sword & Shield Family Pokémon Card Game;Fixed;Oswaldo KATO;non-holo;confirmed, pending;4;;;;;;;;;;X;X;X;X;;;https://www.cardmarket.com/en/Pokemon/Products/Singles/Sword-Shield-Family-Pokemon-Card-Game/Snorlax
99;~2021;approx;;Snorlax;PKMTCH S-P;S-P 145;—;base;;Traditional Chinese Products;Promo;;;pending;1;;;;;;;;;;;;X;;;;https://www.cardmarket.com/en/Pokemon/Products/Singles/Traditional-Chinese-Products/Snorlax-PKMTCHS-P-145
100;2021-11-12;yes;;Snorlax;FST;206;—;base;;Fusion Strike;Common;Oswaldo KATO;non-holo, reverse-holo;confirmed;6;X;X;X;X;X;X;;;;;;;;;;https://www.cardmarket.com/en/Pokemon/Products/Singles/Fusion-Strike/Snorlax
101;2021-12-03;yes;;Snorlax;s8b;126;—;base;;VMAX Climax;Fixed;Narumi Sato;non-holo, reverse-holo;confirmed, marketplace-claimed;5;;;;;;;;;;X;X;X;;X;X;https://www.cardmarket.com/en/Pokemon/Products/Singles/VMAX-Climax/Snorlax
102;2021-12-17;yes;;Snorlax;sI100;341;—;V1;;Start Deck 100;Fixed;Oswaldo KATO;reverse-holo;marketplace-claimed;4;;;;;;;;;;X;X;X;X;;;https://www.cardmarket.com/en/Pokemon/Products/Singles/Start-Deck-100/Snorlax-V1-sI100341
103;2021-12-17;yes;;Snorlax;sI100;342;—;V2;;Start Deck 100;Fixed;Asako Ito;reverse-holo;marketplace-claimed;4;;;;;;;;;;X;X;X;X;;;https://www.cardmarket.com/en/Pokemon/Products/Singles/Start-Deck-100/Snorlax-V2-sI100342
104;2022-03;yes;;Snorlax;sN;008;—;base;;Start Deck 100 CoroCoro Comic Version;Fixed;Oswaldo KATO;non-holo, holo;confirmed, pending;3;;;;;;;;;;X;X;X;;;;https://www.cardmarket.com/en/Pokemon/Products/Singles/Start-Deck-100-CoroCoro-Comic-Version/Snorlax-sN008
105;2022-05-13;yes;;Snorlax;s10a;058;—;V1;;Dark Phantasma;Rare;0313;non-holo, holo, reverse-holo;confirmed, marketplace-claimed;5;;;;;;;;;;X;X;X;;X;X;https://www.cardmarket.com/en/Pokemon/Products/Singles/Dark-Phantasma/Snorlax-V1-s10a058
106;2022-05-13;yes;;Snorlax;s10a;077;—;V2;;Dark Phantasma;Character Rare;Kouki Saitou;holo;confirmed;1;;;;;;;;;;X;;;;;;https://www.cardmarket.com/en/Pokemon/Products/Singles/Dark-Phantasma/Snorlax-V2-s10a077
107;2022-06-17;yes;;Snorlax;s10b;056;—;base;;Pokémon GO Enhanced Expansion Pack;Rare;N-DESIGN Inc.;non-holo, holo;confirmed, marketplace-claimed;5;;;;;;;;;;X;X;X;;X;X;https://www.cardmarket.com/en/Pokemon/Products/Singles/Pokemon-GO-Enhanced-Expansion-Pack/Snorlax-s10b056
108;2022-07-01;yes;;Snorlax;PGO;055;—;V1;;Pokémon GO;Holo Rare;N-DESIGN Inc.;holo, reverse-holo;confirmed;6;X;X;X;X;X;X;;;;;;;;;;https://www.cardmarket.com/en/Pokemon/Products/Singles/Pokemon-GO/Snorlax-V1-PGO055
109;2022-07-01;yes;;Snorlax;PGO;055;—;V2;;Pokémon GO;Promo;N-DESIGN Inc.;holo;confirmed, pending;6;X;X;X;X;X;X;;;;;;;;;;https://www.cardmarket.com/en/Pokemon/Products/Singles/Pokemon-GO/Snorlax-V2-PGO055
110;2022-09-09;yes;;Snorlax;LOR;143;—;V1;;Lost Origin;Holo Rare;0313;holo, reverse-holo;confirmed;6;X;X;X;X;X;X;;;;;;;;;;https://www.cardmarket.com/en/Pokemon/Products/Singles/Lost-Origin/Snorlax-V1-LOR143
111;2022-09-09;yes;;Snorlax;LOR;TG10;—;base;;Lost Origin;Illustration Rare;Kouki Saitou;non-holo, holo, reverse-holo;confirmed;6;X;X;X;X;X;X;;;;;;;;;;https://www.cardmarket.com/en/Pokemon/Products/Singles/Lost-Origin/Snorlax-LORTG10
112;2022-10-28;yes;https://bulbapedia.bulbagarden.net/wiki/Storming_Emergence_%28ATCG%29;Snorlax GX;CSM1cC;102;—;base;;Storming Emergence - Abundant;Double Rare;;holo;confirmed;1;;;;;;;;;;;;;X;;;https://www.cardmarket.com/en/Pokemon/Products/Singles/Storming-Emergence-Abundant/Snorlax-GX-CSM1cC102
113;2022-11-09;yes;;Snorlax;PPS1 VIV;VIV 131;—;V1;;Play! Pokémon Prize Pack Series One;Prize Pack Series;Atsuko Nishida;non-holo;confirmed;5;X;X;X;X;X;;;;;;;;;;;https://www.cardmarket.com/en/Pokemon/Products/Singles/Play-Pokemon-Prize-Pack-Series-One/Snorlax-V1-PPS1VIV-131
114;2022-11-09;yes;;Snorlax;PPS1 VIV;VIV 131;—;V2;;Play! Pokémon Prize Pack Series One;Prize Pack Series;Atsuko Nishida;holo;confirmed;5;X;X;X;X;X;;;;;;;;;;;https://www.cardmarket.com/en/Pokemon/Products/Singles/Play-Pokemon-Prize-Pack-Series-One/Snorlax-V2-PPS1VIV-131
115;~2023;approx;;Snorlax;SVP;051;—;V1;;SV Black Star Promos;Promo;GOSSAN;holo;confirmed;6;X;X;X;X;X;X;;;;;;;;;;https://www.cardmarket.com/en/Pokemon/Products/Singles/SV-Black-Star-Promos/Snorlax-V1-SVP051
116;~2023;approx;;Snorlax;SVP;051;—;V2;;SV Black Star Promos;Promo;GOSSAN;holo;confirmed;1;X;;;;;;;;;;;;;;;https://www.cardmarket.com/en/Pokemon/Products/Singles/SV-Black-Star-Promos/Snorlax-V2-SVP051
117;~2023;approx;;Snorlax;S-P/CS;061;—;base;;Sword & Shield Simplified Chinese Promos;Promo;;non-holo;confirmed;1;;;;;;;;;;;;;X;;;https://www.cardmarket.com/en/Pokemon/Products/Singles/Sword-Shield-Simplified-Chinese-Promos/Snorlax-S-PCS061
118;2023-01-18;yes;https://bulbapedia.bulbagarden.net/wiki/Shining_Synergy_%28ATCG%29;Eevee & Snorlax GX;CSM2cC;103;—;V1;;Shining Synergy - Summon;Double Rare;;holo;confirmed;1;;;;;;;;;;;;;X;;;https://www.cardmarket.com/en/Pokemon/Products/Singles/Shining-Synergy-Summon/Eevee-Snorlax-GX-V1-CSM2cC103
119;2023-01-18;yes;https://bulbapedia.bulbagarden.net/wiki/Shining_Synergy_%28ATCG%29;Eevee & Snorlax GX;CSM2cC;170;—;V2;;Shining Synergy - Summon;Ultra Rare;;holo;confirmed;1;;;;;;;;;;;;;X;;;https://www.cardmarket.com/en/Pokemon/Products/Singles/Shining-Synergy-Summon/Eevee-Snorlax-GX-V2-CSM2cC170
120;2023-01-18;yes;https://bulbapedia.bulbagarden.net/wiki/Shining_Synergy_%28ATCG%29;Eevee & Snorlax GX;CSM2cC;171;—;V3;;Shining Synergy - Summon;Special Illustration Rare;;holo;confirmed;1;;;;;;;;;;;;;X;;;https://www.cardmarket.com/en/Pokemon/Products/Singles/Shining-Synergy-Summon/Eevee-Snorlax-GX-V3-CSM2cC171
121;2023-01-18;yes;https://bulbapedia.bulbagarden.net/wiki/Shining_Synergy_%28ATCG%29;Snorlax;CSM2bC;124;—;base;;Shining Synergy - Supreme;Rare;;non-holo, reverse-holo, mirror-holo;confirmed;1;;;;;;;;;;;;;X;;;https://www.cardmarket.com/en/Pokemon/Products/Singles/Shining-Synergy-Supreme/Snorlax-CSM2bC124
122;2023-01-18;yes;https://bulbapedia.bulbagarden.net/wiki/Shining_Synergy_GX_Starter_Deck_%28ATCG%29;Snorlax;CSM2DC;213;—;base;;Shining Synergy GX Starter Deck;Fixed;;non-holo;confirmed;1;;;;;;;;;;;;;X;;;https://www.cardmarket.com/en/Pokemon/Products/Singles/Shining-Synergy-GX-Starter-Deck/Snorlax-CSM2DC213
123;2023-01-20;yes;;Snorlax;CRZ;109;—;base;;Crown Zenith;Rare;Asako Ito;non-holo, reverse-holo;confirmed;6;X;X;X;X;X;X;;;;;;;;;;https://www.cardmarket.com/en/Pokemon/Products/Singles/Crown-Zenith/Snorlax-CRZ109
124;2023-04-15;yes;https://bulbapedia.bulbagarden.net/wiki/Battle_Party_Set_%28ATCG%29;Snorlax;CSMPC;h009;—;base;;Battle Party Set;Fixed;;non-holo, holo;confirmed;1;;;;;;;;;;;;;X;;;https://www.cardmarket.com/en/Pokemon/Products/Singles/Battle-Party-Set/Snorlax-CSMPCh009
125;2023-05-19;yes;;Snorlax;CS1aC;110;—;base;;Dynamax Clash - Thunder;Uncommon;;non-holo, reverse-holo, mirror-holo;confirmed;1;;;;;;;;;;;;;X;;;https://www.cardmarket.com/en/Pokemon/Products/Singles/Dynamax-Clash-Thunder/Snorlax-CS1aC110
126;2023-05-19;yes;;Snorlax V;CS1aC;111;—;V1;;Dynamax Clash - Thunder;Double Rare;;holo;confirmed;1;;;;;;;;;;;;;X;;;https://www.cardmarket.com/en/Pokemon/Products/Singles/Dynamax-Clash-Thunder/Snorlax-V-V1-CS1aC111
127;2023-05-19;yes;;Snorlax VMAX;CS1aC;112;—;V1;;Dynamax Clash - Thunder;Triple Rare;;holo;confirmed;1;;;;;;;;;;;;;X;;;https://www.cardmarket.com/en/Pokemon/Products/Singles/Dynamax-Clash-Thunder/Snorlax-VMAX-V1-CS1aC112
128;2023-05-19;yes;;Snorlax V;CS1aC;188;—;V2;;Dynamax Clash - Thunder;Ultra Rare;;holo;confirmed;1;;;;;;;;;;;;;X;;;https://www.cardmarket.com/en/Pokemon/Products/Singles/Dynamax-Clash-Thunder/Snorlax-V-V2-CS1aC188
129;2023-05-19;yes;;Snorlax VMAX;CS1aC;207;—;V2;;Dynamax Clash - Thunder;Rainbow Rare;;holo;confirmed;1;;;;;;;;;;;;;X;;;https://www.cardmarket.com/en/Pokemon/Products/Singles/Dynamax-Clash-Thunder/Snorlax-VMAX-V2-CS1aC207
130;2023-05-19;yes;https://bulbapedia.bulbagarden.net/wiki/Dynamax_Clash_Deck_Building_Gift_Box_%28ATCG%29;Snorlax V;CSAC;009;—;base;;Dynamax Clash Deck Building Box;Fixed;;holo;confirmed;1;;;;;;;;;;;;;X;;;https://www.cardmarket.com/en/Pokemon/Products/Singles/Dynamax-Clash-Deck-Building-Box/Snorlax-V-CSAC009
131;2023-05-19;yes;https://bulbapedia.bulbagarden.net/wiki/Dynamax_Clash_V_Starter_Deck_%28ATCG%29;Snorlax;CS1DC;152;—;base;;Dynamax Clash V Starter Deck;Fixed;;non-holo;confirmed;1;;;;;;;;;;;;;X;;;https://www.cardmarket.com/en/Pokemon/Products/Singles/Dynamax-Clash-V-Starter-Deck/Snorlax-CS1DC152
132;~2023;approx;;Snorlax;PPS3 LOR;LOR 143;—;base;;Play! Pokémon Prize Pack Series Three;Prize Pack Series;0313;non-holo;confirmed;5;X;X;X;X;X;;;;;;;;;;;https://www.cardmarket.com/en/Pokemon/Products/Singles/Play-Pokemon-Prize-Pack-Series-Three/Snorlax-PPS3LOR-143
133;2023-06-16;yes;;Snorlax;sv2a;143;—;V1;;Pokémon Card 151;Uncommon;;non-holo;confirmed, marketplace-claimed;5;;;;;;;;;;X;X;X;;X;X;https://www.cardmarket.com/en/Pokemon/Products/Singles/Pokemon-Card-151/Snorlax-V1-sv2a143
134;2023-06-16;yes;;Snorlax;sv2a;181;—;V2;;Pokémon Card 151;Illustration Rare;;non-holo;confirmed;4;;;;;;;;;;X;;X;;X;X;https://www.cardmarket.com/en/Pokemon/Products/Singles/Pokemon-Card-151/Snorlax-V2-sv2a181
135;2023-06-16;yes;;Snorlax;xsv2a;143;—;V1;Poké Ball mirror holo;Pokémon Card 151: Additionals;Uncommon;;non-holo, mirror-holo;confirmed;3;;;;;;;;;;X;X;X;;;;https://www.cardmarket.com/en/Pokemon/Products/Singles/Pokemon-Card-151-Additionals/Snorlax-V1-xsv2a143
136;2023-06-16;yes;;Snorlax;xsv2a;143;—;V2;Master Ball mirror holo;Pokémon Card 151: Additionals;Uncommon;;non-holo, mirror-holo;confirmed;3;;;;;;;;;;X;X;X;;;;https://www.cardmarket.com/en/Pokemon/Products/Singles/Pokemon-Card-151-Additionals/Snorlax-V2-xsv2a143
137;2023-08-18;yes;https://bulbapedia.bulbagarden.net/wiki/Vivid_Portrayals_%28ATCG%29;Snorlax;CS2aC;086;—;V1;;Vivid Portrayals - Obsidian;Rare;;non-holo, reverse-holo, mirror-holo;confirmed;1;;;;;;;;;;;;;X;;;https://www.cardmarket.com/en/Pokemon/Products/Singles/Vivid-Portrayals-Obsidian/Snorlax-V1-CS2aC086
138;2023-08-18;yes;https://bulbapedia.bulbagarden.net/wiki/Vivid_Portrayals_%28ATCG%29;Snorlax;CS2aC;142;—;V2;;Vivid Portrayals - Obsidian;Secret Rare;;holo;confirmed;1;;;;;;;;;;;;;X;;;https://www.cardmarket.com/en/Pokemon/Products/Singles/Vivid-Portrayals-Obsidian/Snorlax-V2-CS2aC142
139;2023-09-09;yes;https://bulbapedia.bulbagarden.net/wiki/Golden_Energy_%28ATCG%29;Eevee & Snorlax GX;CSM2.1C;054;—;base;;Golden Energy;Fixed;;holo;confirmed;1;;;;;;;;;;;;;X;;;https://www.cardmarket.com/en/Pokemon/Products/Singles/Golden-Energy/Eevee-Snorlax-GX-CSM21C054
140;2023-09-22;yes;;Snorlax;MEW;143;—;base;;151;Uncommon;HYOGONOSUKE;non-holo, reverse-holo;confirmed;6;X;X;X;X;X;X;;;;;;;;;;https://www.cardmarket.com/en/Pokemon/Products/Singles/151/Snorlax-MEW143
141;2023-10-27;yes;;Snorlax Doll;sv4K;059;—;base;;Ancient Roar;Uncommon;;non-holo;confirmed;4;;;;;;;;;;X;X;X;;;X;https://www.cardmarket.com/en/Pokemon/Products/Singles/Ancient-Roar/Snorlax-Doll-sv4K059
142;~2023;approx;;Snorlax;CLF;016;—;base;;Pokémon Card Game Classic: Venusaur & Lugia ex Deck;Fixed;;holo, mirror-holo;confirmed, pending;3;;;;;;;;;;X;X;X;;;;https://www.cardmarket.com/en/Pokemon/Products/Singles/Pokemon-Card-Game-Classic-Venusaur-Lugia-ex-Deck/Snorlax-CLF016
143;~2023;approx;;Snorlax;WCD23 LOR;LOR 143;—;base;;WCD 2023;World Championship Deck;0313;non-holo;confirmed, pending;4;X;X;X;X;;;;;;;;;;;;https://www.cardmarket.com/en/Pokemon/Products/Singles/WCD-2023/Snorlax-WCD23LOR-143
144;2023-11-03;yes;;Snorlax Doll;PAR;175;—;base;;Paradox Rift;Uncommon;AYUMI ODASHIMA;non-holo, reverse-holo;confirmed;6;X;X;X;X;X;X;;;;;;;;;;https://www.cardmarket.com/en/Pokemon/Products/Singles/Paradox-Rift/Snorlax-Doll-PAR175
145;2023-11-10;yes;;Snorlax;svG;021;—;base;;Venusaur & Charizard & Blastoise Special Deck Set ex;Fixed;0313;;pending;3;;;;;;;;;;X;X;X;;;;https://www.cardmarket.com/en/Pokemon/Products/Singles/Venusaur-Charizard-Blastoise-Special-Deck-Set-ex/Snorlax-svG021
146;2023-11-17;yes;;Snorlax;CLV;016;—;base;;Pokémon Trading Card Game Classic: Venusaur & Lugia ex Deck;Fixed;;holo;confirmed;1;X;;;;;;;;;;;;;;;https://www.cardmarket.com/en/Pokemon/Products/Singles/Pokemon-Trading-Card-Game-Classic-Venusaur-Lugia-ex-Deck/Snorlax-CLV016
147;2023-11-17;yes;https://bulbapedia.bulbagarden.net/wiki/Primordial_Arts_V_Starter_Deck_%28ATCG%29;Snorlax;CS3DC;117;—;base;;Primordial Arts V Starter Deck;Fixed;;non-holo;confirmed;1;;;;;;;;;;;;;X;;;https://www.cardmarket.com/en/Pokemon/Products/Singles/Primordial-Arts-V-Starter-Deck/Snorlax-CS3DC117
148;2023-12-01;yes;;Snorlax;sv4a;145;—;V1;;Shiny Treasure ex;Fixed;HYOGONOSUKE;reverse-holo;marketplace-claimed;5;;;;;;;;;;X;X;X;;X;X;https://www.cardmarket.com/en/Pokemon/Products/Singles/Shiny-Treasure-ex/Snorlax-V1-sv4a145
149;2023-12-01;yes;;Snorlax;sv4a;310;—;V2;;Shiny Treasure ex;Shiny Rare;;non-holo;confirmed, pending;4;;;;;;;;;;X;;X;;X;X;https://www.cardmarket.com/en/Pokemon/Products/Singles/Shiny-Treasure-ex/Snorlax-V2-sv4a310
150;~2024;approx;;Snorlax;SVP;122;—;base;;SV Black Star Promos;Promo;Po-Suzuki;holo;confirmed;6;X;X;X;X;X;X;;;;;;;;;;https://www.cardmarket.com/en/Pokemon/Products/Singles/SV-Black-Star-Promos/Snorlax-SVP122
151;~2024;approx;;Snorlax;SV-P/TH;082;—;base;;Scarlet & Violet Thai Promos;Promo;;;pending;1;;;;;;;;;;;;;;;X;https://www.cardmarket.com/en/Pokemon/Products/Singles/Scarlet-Violet-Thai-Promos/Snorlax-SV-PTH082
152;2024-01-26;yes;;Snorlax;PAF;202;—;base;;Paldean Fates;Shiny Rare;Shigenori Negishi;holo;confirmed;6;X;X;X;X;X;X;;;;;;;;;;https://www.cardmarket.com/en/Pokemon/Products/Singles/Paldean-Fates/Snorlax-PAF202
153;2024-03-08;yes;;Snorlax;svIba;046;—;base;;Scarlet & Violet Battle Academy;Fixed;;;pending;3;;;;;;;;;;X;X;;X;;;https://www.cardmarket.com/en/Pokemon/Products/Singles/Scarlet-Violet-Battle-Academy/Snorlax-svIba046
154;2024-03-22;yes;;Snorlax;sv5a;051;—;base;;Crimson Haze;Uncommon;;non-holo;confirmed, marketplace-claimed;4;;;;;;;;;;X;X;X;;;X;https://www.cardmarket.com/en/Pokemon/Products/Singles/Crimson-Haze/Snorlax-sv5a051
155;2024-05-24;yes;;Snorlax;TWM;136;—;base;;Twilight Masquerade;Uncommon;Souichirou Gunjima;non-holo, reverse-holo;confirmed;6;X;X;X;X;X;X;;;;;;;;;;https://www.cardmarket.com/en/Pokemon/Products/Singles/Twilight-Masquerade/Snorlax-TWM136
156;2024-06-18;yes;https://bulbapedia.bulbagarden.net/wiki/Gallant_Galaxy_%28ATCG%29;Snorlax;CS5aC;093;—;base;;Brave Stars - Charm;Rare;;non-holo, reverse-holo, mirror-holo;confirmed;1;;;;;;;;;;;;;X;;;https://www.cardmarket.com/en/Pokemon/Products/Singles/Brave-Stars-Charm/Snorlax-PKMSCHCS5aC-093
157;2024-06-18;yes;https://bulbapedia.bulbagarden.net/wiki/Gallant_Galaxy_V_Starter_Deck_%28ATCG%29;Snorlax;CS5DC;097;—;V1;;Brave Stars V Starter Deck;Fixed;;non-holo;confirmed;1;;;;;;;;;;;;;X;;;https://www.cardmarket.com/en/Pokemon/Products/Singles/Brave-Stars-V-Starter-Deck/Snorlax-V1-CS5DC097
158;2024-06-18;yes;https://bulbapedia.bulbagarden.net/wiki/Gallant_Galaxy_V_Starter_Deck_%28ATCG%29;Snorlax;CS5DC;098;—;V2;;Brave Stars V Starter Deck;Fixed;;non-holo;confirmed;1;;;;;;;;;;;;;X;;;https://www.cardmarket.com/en/Pokemon/Products/Singles/Brave-Stars-V-Starter-Deck/Snorlax-V2-CS5DC098
159;2024-06-28;yes;;Snorlax;SV-P/ID;117;—;V1;Poké Ball mirror holo;Scarlet & Violet Indonesian Promos;Promo;;mirror-holo;confirmed;1;;;;;;;;;;;;;;X;;https://www.cardmarket.com/en/Pokemon/Products/Singles/Scarlet-Violet-Indonesian-Promos/Snorlax-V1-SV-PID117
160;2024-06-28;yes;;Snorlax;SV-P/ID;117;—;V2;Master Ball mirror holo;Scarlet & Violet Indonesian Promos;Promo;;mirror-holo;confirmed;1;;;;;;;;;;;;;;X;;https://www.cardmarket.com/en/Pokemon/Products/Singles/Scarlet-Violet-Indonesian-Promos/Snorlax-V2-SV-PID117
161;2024-08-30;yes;https://bulbapedia.bulbagarden.net/wiki/Stellar_Tera_Type_Starter_Sets_%28TCG%29;Snorlax;svLN;010;—;base;;Stellar Tera Type Starter Set Sylveon ex;Fixed;;non-holo;confirmed, pending;2;;;;;;;;;;X;X;;;;;https://www.cardmarket.com/en/Pokemon/Products/Singles/Stellar-Tera-Type-Starter-Set-Sylveon-ex/Snorlax-svLN010
162;2024-09-20;yes;https://bulbapedia.bulbagarden.net/wiki/Marine_Shadow_%28ATCG%29;Snorlax;CS6bC;113;—;base;;Azure Shadow - Pursuit;Rare;;non-holo, reverse-holo, mirror-holo;confirmed;1;;;;;;;;;;;;;X;;;https://www.cardmarket.com/en/Pokemon/Products/Singles/Azure-Shadow-Pursuit/Snorlax-CS6bC113
163;2024-10-26;yes;https://bulbapedia.bulbagarden.net/wiki/Pok%C3%A9mon_Card_Display_Set_Gift_Box_Vol._3_%28ATCG%29;Snorlax;CSUC;010;—;base;;Display Set Gift Box Gengar;Fixed;;holo;confirmed;1;;;;;;;;;;;;;X;;;https://www.cardmarket.com/en/Pokemon/Products/Singles/Display-Set-Gift-Box-Gengar/Snorlax-CSDC010
164;2024-11-08;yes;;Snorlax;SSP;144;—;base;;Surging Sparks;Common;Ounishi;non-holo, reverse-holo;confirmed;6;X;X;X;X;X;X;;;;;;;;;;https://www.cardmarket.com/en/Pokemon/Products/Singles/Surging-Sparks/Snorlax-SSP144
165;2024-11-15;yes;https://bulbapedia.bulbagarden.net/wiki/Peripheral_Collection_Gift_Box%3A_Variety_Treasure_Box_%28ATCG%29;Snorlax;CSZC;018;—;base;;Variety Treasure Box;Fixed;;reverse-holo;confirmed;1;;;;;;;;;;;;;X;;;https://www.cardmarket.com/en/Pokemon/Products/Singles/Variety-Treasure-Box/Snorlax-CSZC018
166;2024-11-22;yes;;Snorlax ex;svM;094;—;base;;Generations Start Decks;Fixed;N-DESIGN Inc.;holo;confirmed, pending;5;;;;;;;;;;X;X;X;;X;X;https://www.cardmarket.com/en/Pokemon/Products/Singles/Generations-Start-Decks/Snorlax-ex-svM094
167;~2025;approx;;Snorlax;SV-P/CS;277;—;base;;Scarlet & Violet Simplified Chinese Promos;Promo;;reverse-holo;marketplace-claimed;1;;;;;;;;;;;;;X;;;https://www.cardmarket.com/en/Pokemon/Products/Singles/Scarlet-Violet-Simplified-Chinese-Promos/Snorlax-SV-PCS277
168;2025-01-17;yes;;Snorlax;151C;143;—;V1;;Collect 151;Uncommon;;non-holo, reverse-holo, mirror-holo;confirmed;1;;;;;;;;;;;;;X;;;https://www.cardmarket.com/en/Pokemon/Products/Singles/Collect-151/Snorlax-V1-151C143
169;2025-01-17;yes;;Snorlax;151C;169;—;V2;;Collect 151;Shiny Rare;;holo;confirmed;1;;;;;;;;;;;;;X;;;https://www.cardmarket.com/en/Pokemon/Products/Singles/Collect-151/Snorlax-V2-151C169
170;2025-01-17;yes;https://bulbapedia.bulbagarden.net/wiki/Pikachu_%26_Clefairy_%26_Turtwig_%26_Gimmighoul_Happy_Set_%28ATCG%29;Snorlax;CSVH1C;a001;—;base;;Happy Set Pikachu & Clefairy & Turtwig & Gimmighoul;Fixed;;non-holo, holo;confirmed;1;;;;;;;;;;;;;X;;;https://www.cardmarket.com/en/Pokemon/Products/Singles/Happy-Set-Pikachu-Clefairy-Turtwig-Gimmighoul/Snorlax-CSVH1Ca001
171;2025-01-17;yes;;Snorlax ex;PRE;076;—;base;;Prismatic Evolutions;Double Rare;N-DESIGN Inc.;holo;confirmed;6;X;X;X;X;X;X;;;;;;;;;;https://www.cardmarket.com/en/Pokemon/Products/Singles/Prismatic-Evolutions/Snorlax-ex-PRE076
172;2025-01-24;yes;;Hop's Snorlax;sv9;075;—;base;;Battle Partners;Rare;;non-holo;confirmed, marketplace-claimed;3;;;;;;;;;;X;X;X;;;;https://www.cardmarket.com/en/Pokemon/Products/Singles/Battle-Partners/Hops-Snorlax-sv9075
173;~2025;approx;;Snorlax ex;xPRE;076;—;V1;"""Prismatic Evolutions"" stamp, Snorlax ex & Blissey ex Special Collection";Prismatic Evolutions: Additionals;Promo;N-DESIGN Inc.;holo;confirmed;5;X;X;X;X;X;;;;;;;;;;;https://www.cardmarket.com/en/Pokemon/Products/Singles/Prismatic-Evolutions-Additionals/Snorlax-ex-V1-xPRE076
174;~2025;approx;;Snorlax ex;xPRE;076;—;V2;Jumbo / oversized printing, Snorlax ex & Blissey ex Special Collection;Prismatic Evolutions: Additionals;Oversized;N-DESIGN Inc.;holo;confirmed;5;X;X;X;X;X;;;;;;;;;;;https://www.cardmarket.com/en/Pokemon/Products/Singles/Prismatic-Evolutions-Additionals/Snorlax-ex-V2-xPRE076
175;2025-02-28;yes;;Snorlax;CSVE1C;093;—;base;;Battle Party Dream Together;Fixed;;non-holo;confirmed;1;;;;;;;;;;;;;X;;;https://www.cardmarket.com/en/Pokemon/Products/Singles/Battle-Party-Dream-Together/Snorlax-CSVE1C093
176;~2025;approx;;Hop's Snorlax;SVP;184;—;V1;;SV Black Star Promos;Promo;OKACHEKE;holo;confirmed, pending;6;X;X;X;X;X;X;;;;;;;;;;https://www.cardmarket.com/en/Pokemon/Products/Singles/SV-Black-Star-Promos/Hops-Snorlax-V1-SVP184
177;~2025;approx;;Hop's Snorlax;SVP;184;—;V2;;SV Black Star Promos;Promo;OKACHEKE;holo;confirmed, pending;6;X;X;X;X;X;X;;;;;;;;;;https://www.cardmarket.com/en/Pokemon/Products/Singles/SV-Black-Star-Promos/Hops-Snorlax-V2-SVP184
178;2025-03-28;yes;;Hop's Snorlax;JTG;117;—;base;;Journey Together;Rare;GOSSAN;holo, reverse-holo;confirmed;6;X;X;X;X;X;X;;;;;;;;;;https://www.cardmarket.com/en/Pokemon/Products/Singles/Journey-Together/Hops-Snorlax-JTG117
179;~2025;approx;;Hop's Snorlax;xJTG;117;—;V1;"""Journey Together"" stamp (gift with purchase, Malaysia/Philippines/Singapore)";Journey Together: Additionals;Promo;GOSSAN;holo;confirmed;1;X;;;;;;;;;;;;;;;https://www.cardmarket.com/en/Pokemon/Products/Singles/Journey-Together-Additionals/Hops-Snorlax-V1-xJTG117
180;~2025;approx;;Hop's Snorlax;xJTG;117;—;V2;"""GameStop"" stamp (gift with purchase, USA/Canada)";Journey Together: Additionals;Promo;GOSSAN;holo;confirmed;2;X;X;;;;;;;;;;;;;;https://www.cardmarket.com/en/Pokemon/Products/Singles/Journey-Together-Additionals/Hops-Snorlax-V2-xJTG117
181;~2025;approx;;Hop's Snorlax;xJTG;117;—;V3;"""EBGames"" stamp (gift with purchase, Australia/New Zealand)";Journey Together: Additionals;Promo;GOSSAN;holo;confirmed;1;X;;;;;;;;;;;;;;;https://www.cardmarket.com/en/Pokemon/Products/Singles/Journey-Together-Additionals/Hops-Snorlax-V3-xJTG117
182;2025-06-13;yes;https://bulbapedia.bulbagarden.net/wiki/Journey_Theme_Pack_%28ATCG%29;Snorlax;CSVL1C;109;—;base;;Adventure Special Pack;Fixed;;holo;confirmed;1;;;;;;;;;;;;;X;;;https://www.cardmarket.com/en/Pokemon/Products/Singles/Adventure-Special-Pack/Snorlax-CSVL1C109
183;2025-07-18;yes;;Snorlax;CSVE2C;122;—;base;;Battle Party Shining Dream;Fixed;;non-holo;confirmed;1;;;;;;;;;;;;;X;;;https://www.cardmarket.com/en/Pokemon/Products/Singles/Battle-Party-Shining-Dream/Snorlax-CSVE2C122
184;2025-07-25;yes;;Snorlax;SV-P/ID;278;—;base;;Scarlet & Violet Indonesian Promos;Promo;;non-holo;confirmed;1;;;;;;;;;;;;;;X;;https://www.cardmarket.com/en/Pokemon/Products/Singles/Scarlet-Violet-Indonesian-Promos/Snorlax-SV-PID278
185;2025-08-14;yes;;Hop's Snorlax;PPS7 JTG;JTG 117;—;base;;Play! Pokémon Prize Pack Series Seven;Prize Pack Series;GOSSAN;non-holo;confirmed;6;X;X;X;X;X;X;;;;;;;;;;https://www.cardmarket.com/en/Pokemon/Products/Singles/Play-Pokemon-Prize-Pack-Series-Seven/Hops-Snorlax-PPS7JTG-117
186;2025-09-12;yes;https://bulbapedia.bulbagarden.net/wiki/Ardent_Obsidian_%28ATCG%29;Snorlax Doll;CSV5C;115;—;base;;Dark Crystal Blaze;Uncommon;;non-holo, reverse-holo, mirror-holo;confirmed;1;;;;;;;;;;;;;X;;;https://www.cardmarket.com/en/Pokemon/Products/Singles/Dark-Crystal-Blaze/Snorlax-Doll-CSV5C115
187;2025-11-28;yes;;Hop's Snorlax;m2a;136;—;base;;MEGA Dream ex;Fixed;;non-holo, reverse-holo;confirmed, pending;5;;;;;;;;;;X;X;X;;X;X;https://www.cardmarket.com/en/Pokemon/Products/Singles/MEGA-Dream-ex/Hops-Snorlax-m2a136
188;2025-11-28;yes;;Hop's Snorlax;xm2a;136;—;V1;mirror holo, colourless-energy star pattern;MEGA Dream ex: Additionals;Fixed;;mirror-holo;confirmed;5;;;;;;;;;;X;X;X;;X;X;https://www.cardmarket.com/en/Pokemon/Products/Singles/MEGA-Dream-ex-Additionals/Hops-Snorlax-V1-xm2a136
189;2025-11-28;yes;;Hop's Snorlax;xm2a;136;—;V2;mirror holo, Poké Ball pattern;MEGA Dream ex: Additionals;Fixed;;mirror-holo;confirmed;5;;;;;;;;;;X;X;X;;X;X;https://www.cardmarket.com/en/Pokemon/Products/Singles/MEGA-Dream-ex-Additionals/Hops-Snorlax-V2-xm2a136
190;2025-12-19;yes;https://bulbapedia.bulbagarden.net/wiki/Start_Deck_100_Battle_Collection_%28TCG%29;Snorlax;mC;567;—;base;;MEGA Start Deck 100 Battle Collection;Fixed;;non-holo;confirmed, pending;3;;;;;;;;;;X;X;X;;;;https://www.cardmarket.com/en/Pokemon/Products/Singles/MEGA-Start-Deck-100-Battle-Collection/Snorlax-mC567
191;2025-12-19;yes;https://bulbapedia.bulbagarden.net/wiki/Start_Deck_100_Battle_Collection_%28TCG%29;Snorlax;mC;568;—;base;;MEGA Start Deck 100 Battle Collection;Fixed;;non-holo, reverse-holo;confirmed, marketplace-claimed;3;;;;;;;;;;X;X;X;;;;https://www.cardmarket.com/en/Pokemon/Products/Singles/MEGA-Start-Deck-100-Battle-Collection/Snorlax-mC568
192;2025-12-19;yes;https://bulbapedia.bulbagarden.net/wiki/Start_Deck_100_Battle_Collection_%28TCG%29;Hop's Snorlax;mC;569;—;base;;MEGA Start Deck 100 Battle Collection;Fixed;;non-holo;confirmed, pending;3;;;;;;;;;;X;X;X;;;;https://www.cardmarket.com/en/Pokemon/Products/Singles/MEGA-Start-Deck-100-Battle-Collection/Hops-Snorlax-mC569
193;2025-12-19;yes;;Snorlax;mP1;012;—;base;;MEGA Start Deck 100 Battle Collection Corociao Version;Fixed;Ounishi;non-holo;confirmed;1;;;;;;;;;;X;;;;;;https://www.cardmarket.com/en/Pokemon/Products/Singles/MEGA-Start-Deck-100-Battle-Collection-Corociao-Version/Snorlax-mP1012
194;2026-01-01;yes;;Hop's Snorlax;PPS8 JTG;JTG 117;—;V1;Prize Pack Series Eight, Non-Holo (physically identical to the PPS7 Non-Holo print, catalogued separately);Play! Pokémon Prize Pack Series Eight;Prize Pack Series;GOSSAN;non-holo;confirmed;6;X;X;X;X;X;X;;;;;;;;;;https://www.cardmarket.com/en/Pokemon/Products/Singles/Play-Pokemon-Prize-Pack-Series-Eight/Hops-Snorlax-V1-PPS8JTG-117
195;2026-01-01;yes;;Hop's Snorlax;PPS8 JTG;JTG 117;—;V2;Prize Pack Series Eight, Holo (Cosmos);Play! Pokémon Prize Pack Series Eight;Prize Pack Series;GOSSAN;holo;confirmed;6;X;X;X;X;X;X;;;;;;;;;;https://www.cardmarket.com/en/Pokemon/Products/Singles/Play-Pokemon-Prize-Pack-Series-Eight/Hops-Snorlax-V2-PPS8JTG-117
196;2026-01;yes;;Snorlax;SV-P/ID;286;—;base;;Scarlet & Violet Indonesian Promos;Promo;;non-holo;confirmed;1;;;;;;;;;;;;;;X;;https://www.cardmarket.com/en/Pokemon/Products/Singles/Scarlet-Violet-Indonesian-Promos/Snorlax-SV-PID286
197;2026-01-16;yes;https://bulbapedia.bulbagarden.net/wiki/Blade_Awakening_%28ATCG%29;Snorlax;CSV7C;158;—;base;;Blade Awakening;Uncommon;;non-holo, reverse-holo, mirror-holo;confirmed;1;;;;;;;;;;;;;X;;;https://www.cardmarket.com/en/Pokemon/Products/Singles/Blade-Awakening/Snorlax-CSV7C158
198;2026-01-23;yes;https://bulbapedia.bulbagarden.net/wiki/Nihil_Zero_%28TCG%29;Snorlax;m3;062;—;base;;Nihil Zero;Common;;non-holo;confirmed, marketplace-claimed;3;;;;;;;;;;X;X;X;;;;https://www.cardmarket.com/en/Pokemon/Products/Singles/Nihil-Zero/Snorlax-m3062
199;2026-03-27;yes;;Snorlax;POR;063;—;base;;Perfect Order;Common;Toshinao Aoki;non-holo, reverse-holo;confirmed;6;X;X;X;X;X;X;;;;;;;;;;https://www.cardmarket.com/en/Pokemon/Products/Singles/Perfect-Order/Snorlax-POR063
200;2026-04-10;yes;https://bulbapedia.bulbagarden.net/wiki/Decidueye_%26_Melmetal_%26_Koraidon_%26_Miraidon_Happy_Set_%28ATCG%29;Snorlax;CSVH4C;a003;—;base;;Happy Set Decidueye & Melmetal & Koraidon & Miraidon;Fixed;;non-holo, holo;confirmed;1;;;;;;;;;;;;;X;;;https://www.cardmarket.com/en/Pokemon/Products/Singles/Happy-Set-Decidueye-Melmetal-Koraidon-Miraidon/Snorlax-CSVH4Ca003
201;2026-04-10;yes;https://bulbapedia.bulbagarden.net/wiki/Decidueye_%26_Melmetal_%26_Koraidon_%26_Miraidon_Happy_Set_%28ATCG%29;Snorlax ex;CSVH4C;p006;—;base;;Happy Set Decidueye & Melmetal & Koraidon & Miraidon;Fixed;;non-holo, holo;confirmed;1;;;;;;;;;;;;;X;;;https://www.cardmarket.com/en/Pokemon/Products/Singles/Happy-Set-Decidueye-Melmetal-Koraidon-Miraidon/Snorlax-ex-CSVH4Cp006
202;2026-07-16;yes;https://bulbapedia.bulbagarden.net/wiki/Together_in_Pursuit_of_Glory_%28ATCG%29;Hop's Snorlax;CSV10C;175;—;base;;Chasing Glory Together;Rare;;non-holo, reverse-holo, mirror-holo;confirmed;1;;;;;;;;;;;;;X;;;https://www.cardmarket.com/en/Pokemon/Products/Singles/Chasing-Glory-Together/Hops-Snorlax-CSV10C175
203;~9999;approx;;Snorlax;FLF;80;—;V2;;Flashfire;Promo;Mitsuhiro Arita;non-holo;marketplace-claimed, pending;6;X;X;X;X;X;X;;;;;;;;;;https://www.cardmarket.com/en/Pokemon/Products/Singles/Flashfire/Snorlax-V2-FLF1
