finishUnitId,cardName,setCode,number,language,availabilityStatus,availableFinishes,productMappingStatus,patternStatus,unmappedVariants,unresolved
F0000,Snorlax,151C,143,S-Chinese,confirmed,non-holo; reverse-holo; mirror-holo,confirmed,pending,,The exact reverse- or mirror-holo pattern is not identified for every known printing of those types.
F0002,Snorlax,20th,047,Japanese,marketplace-claimed,reverse-holo,confirmed,pending,,The exact reverse- or mirror-holo pattern is not identified for every known printing of those types.
F0003,Snorlax,20th,047,Korean,marketplace-claimed,reverse-holo,confirmed,pending,,The exact reverse- or mirror-holo pattern is not identified for every known printing of those types.
F0009,Snorlax,BA20,MWT,Italian,pending,,pending,not-applicable,base,No positive finish evidence has been recorded for this set-number-language unit. | One or more Cardmarket product variants are not mapped to a logical printing: base
F0025,Snorlax,BW-P,207,Japanese,marketplace-claimed,reverse-holo,confirmed,pending,,The exact reverse- or mirror-holo pattern is not identified for every known printing of those types.
F0032,Snorlax,CL,33,French,confirmed,non-holo; reverse-holo,partial,confirmed,V2,One or more Cardmarket product variants are not mapped to a logical printing: V2
F0033,Snorlax,CL,33,German,confirmed,non-holo; reverse-holo,partial,confirmed,V2,One or more Cardmarket product variants are not mapped to a logical printing: V2
F0034,Snorlax,CL,33,Italian,confirmed,non-holo; reverse-holo,partial,confirmed,V2,One or more Cardmarket product variants are not mapped to a logical printing: V2
F0036,Snorlax,CLF,016,Korean,pending,,pending,not-applicable,base,No positive finish evidence has been recorded for this set-number-language unit. | One or more Cardmarket product variants are not mapped to a logical printing: base
F0037,Snorlax,CLF,016,T-Chinese,confirmed,mirror-holo,confirmed,pending,,The exact reverse- or mirror-holo pattern is not identified for every known printing of those types.
F0051,Snorlax,CS1aC,110,S-Chinese,confirmed,non-holo; reverse-holo; mirror-holo,confirmed,pending,,The exact reverse- or mirror-holo pattern is not identified for every known printing of those types.
F0057,Snorlax,CS2aC,086,S-Chinese,confirmed,non-holo; reverse-holo; mirror-holo,confirmed,pending,,The exact reverse- or mirror-holo pattern is not identified for every known printing of those types.
F0060,Snorlax,CS5aC,093,S-Chinese,confirmed,non-holo; reverse-holo; mirror-holo,confirmed,pending,,The exact reverse- or mirror-holo pattern is not identified for every known printing of those types.
F0063,Snorlax,CS6bC,113,S-Chinese,confirmed,non-holo; reverse-holo; mirror-holo,confirmed,pending,,The exact reverse- or mirror-holo pattern is not identified for every known printing of those types.
F0067,Snorlax,CSM2bC,124,S-Chinese,confirmed,non-holo; reverse-holo; mirror-holo,confirmed,partial,,The exact reverse- or mirror-holo pattern is not identified for every known printing of those types.
F0074,Hop's Snorlax,CSV10C,175,S-Chinese,confirmed,non-holo; reverse-holo; mirror-holo,confirmed,pending,,The exact reverse- or mirror-holo pattern is not identified for every known printing of those types.
F0075,Snorlax Doll,CSV5C,115,S-Chinese,confirmed,non-holo; reverse-holo; mirror-holo,confirmed,pending,,The exact reverse- or mirror-holo pattern is not identified for every known printing of those types.
F0076,Snorlax,CSV7C,158,S-Chinese,confirmed,non-holo; reverse-holo; mirror-holo,confirmed,pending,,The exact reverse- or mirror-holo pattern is not identified for every known printing of those types.
F0083,Snorlax,CSZC,018,S-Chinese,confirmed,reverse-holo,confirmed,partial,,The exact reverse- or mirror-holo pattern is not identified for every known printing of those types.
F0099,Snorlax Lv.X,DP-P,127,Korean,pending,,pending,not-applicable,base,No positive finish evidence has been recorded for this set-number-language unit. | One or more Cardmarket product variants are not mapped to a logical printing: base
F0120,Snorlax,FLF,80,French,confirmed,non-holo; reverse-holo,partial,confirmed,V2,One or more Cardmarket product variants are not mapped to a logical printing: V2
F0121,Snorlax,FLF,80,German,confirmed,non-holo; reverse-holo,partial,confirmed,V2,One or more Cardmarket product variants are not mapped to a logical printing: V2
F0122,Snorlax,FLF,80,Italian,confirmed,non-holo; reverse-holo,partial,confirmed,V2,One or more Cardmarket product variants are not mapped to a logical printing: V2
F0123,Snorlax,FLF,80,Spanish,confirmed,non-holo; reverse-holo,partial,confirmed,V2,One or more Cardmarket product variants are not mapped to a logical printing: V2
F0124,Snorlax,FLF,80,Portuguese,confirmed,non-holo; reverse-holo,partial,confirmed,V2,One or more Cardmarket product variants are not mapped to a logical printing: V2
F0125,Snorlax,FLF,80,Russian,confirmed,non-holo; reverse-holo,partial,confirmed,V2,One or more Cardmarket product variants are not mapped to a logical printing: V2
F0149,Snorlax,HSZ,027,Japanese,pending,,pending,not-applicable,base,No positive finish evidence has been recorded for this set-number-language unit. | One or more Cardmarket product variants are not mapped to a logical printing: base
F0152,Snorlax,HXY,026,Japanese,pending,,pending,not-applicable,base,No positive finish evidence has been recorded for this set-number-language unit. | One or more Cardmarket product variants are not mapped to a logical printing: base
F0153,Snorlax,HXY,026,Korean,pending,,pending,not-applicable,base,No positive finish evidence has been recorded for this set-number-language unit. | One or more Cardmarket product variants are not mapped to a logical printing: base
F0208,Hop's Snorlax,m2a,136,Japanese,confirmed,non-holo; reverse-holo,confirmed,pending,,The exact reverse- or mirror-holo pattern is not identified for every known printing of those types.
F0210,Hop's Snorlax,m2a,136,T-Chinese,pending,,pending,not-applicable,base,No positive finish evidence has been recorded for this set-number-language unit. | One or more Cardmarket product variants are not mapped to a logical printing: base
F0211,Hop's Snorlax,m2a,136,Indonesian,pending,,pending,not-applicable,base,No positive finish evidence has been recorded for this set-number-language unit. | One or more Cardmarket product variants are not mapped to a logical printing: base
F0212,Hop's Snorlax,m2a,136,Thai,pending,,pending,not-applicable,base,No positive finish evidence has been recorded for this set-number-language unit. | One or more Cardmarket product variants are not mapped to a logical printing: base
F0217,Snorlax,mC,567,Korean,pending,,pending,not-applicable,base,No positive finish evidence has been recorded for this set-number-language unit. | One or more Cardmarket product variants are not mapped to a logical printing: base
F0218,Snorlax,mC,567,T-Chinese,pending,,pending,not-applicable,base,No positive finish evidence has been recorded for this set-number-language unit. | One or more Cardmarket product variants are not mapped to a logical printing: base
F0219,Snorlax,mC,568,Japanese,confirmed,non-holo; reverse-holo,confirmed,pending,,The exact reverse- or mirror-holo pattern is not identified for every known printing of those types.
F0220,Snorlax,mC,568,Korean,marketplace-claimed,reverse-holo,confirmed,pending,,The exact reverse- or mirror-holo pattern is not identified for every known printing of those types.
F0221,Snorlax,mC,568,T-Chinese,marketplace-claimed,reverse-holo,confirmed,pending,,The exact reverse- or mirror-holo pattern is not identified for every known printing of those types.
F0223,Hop's Snorlax,mC,569,Korean,pending,,pending,not-applicable,base,No positive finish evidence has been recorded for this set-number-language unit. | One or more Cardmarket product variants are not mapped to a logical printing: base
F0224,Hop's Snorlax,mC,569,T-Chinese,pending,,pending,not-applicable,base,No positive finish evidence has been recorded for this set-number-language unit. | One or more Cardmarket product variants are not mapped to a logical printing: base
F0250,Snorlax,PGO,055,French,confirmed,holo; reverse-holo,partial,confirmed,V2,One or more Cardmarket product variants are not mapped to a logical printing: V2
F0251,Snorlax,PGO,055,German,confirmed,holo; reverse-holo,partial,confirmed,V2,One or more Cardmarket product variants are not mapped to a logical printing: V2
F0252,Snorlax,PGO,055,Italian,confirmed,holo; reverse-holo,partial,confirmed,V2,One or more Cardmarket product variants are not mapped to a logical printing: V2
F0253,Snorlax,PGO,055,Spanish,confirmed,holo; reverse-holo,partial,confirmed,V2,One or more Cardmarket product variants are not mapped to a logical printing: V2
F0254,Snorlax,PGO,055,Portuguese,confirmed,holo; reverse-holo,partial,confirmed,V2,One or more Cardmarket product variants are not mapped to a logical printing: V2
F0258,Snorlax,PKMTCH S-P,S-P 145,T-Chinese,pending,,pending,not-applicable,base,No positive finish evidence has been recorded for this set-number-language unit. | One or more Cardmarket product variants are not mapped to a logical printing: base
F0271,Snorlax,PPS1 VIV,VIV 131,English,confirmed,non-holo; holo,confirmed,not-applicable,,The source lists known finishes only. Unlisted alternatives remain unknown.
F0272,Snorlax,PPS1 VIV,VIV 131,French,confirmed,non-holo; holo,confirmed,not-applicable,,The source lists known finishes only. Unlisted alternatives remain unknown.
F0273,Snorlax,PPS1 VIV,VIV 131,German,confirmed,non-holo; holo,confirmed,not-applicable,,The source lists known finishes only. Unlisted alternatives remain unknown.
F0274,Snorlax,PPS1 VIV,VIV 131,Italian,confirmed,non-holo; holo,confirmed,not-applicable,,The source lists known finishes only. Unlisted alternatives remain unknown.
F0275,Snorlax,PPS1 VIV,VIV 131,Spanish,confirmed,non-holo; holo,confirmed,not-applicable,,The source lists known finishes only. Unlisted alternatives remain unknown.
F0277,Snorlax,PPS3 LOR,LOR 143,English,confirmed,non-holo,confirmed,not-applicable,,The source lists known finishes only. Unlisted alternatives remain unknown.
F0278,Snorlax,PPS3 LOR,LOR 143,French,confirmed,non-holo,confirmed,not-applicable,,The source lists known finishes only. Unlisted alternatives remain unknown.
F0279,Snorlax,PPS3 LOR,LOR 143,German,confirmed,non-holo,confirmed,not-applicable,,The source lists known finishes only. Unlisted alternatives remain unknown.
F0280,Snorlax,PPS3 LOR,LOR 143,Italian,confirmed,non-holo,confirmed,not-applicable,,The source lists known finishes only. Unlisted alternatives remain unknown.
F0281,Snorlax,PPS3 LOR,LOR 143,Spanish,confirmed,non-holo,confirmed,not-applicable,,The source lists known finishes only. Unlisted alternatives remain unknown.
F0283,Hop's Snorlax,PPS7 JTG,JTG 117,English,confirmed,non-holo,confirmed,not-applicable,,The source lists known finishes only. Unlisted alternatives remain unknown.
F0284,Hop's Snorlax,PPS7 JTG,JTG 117,French,confirmed,non-holo,confirmed,not-applicable,,The source lists known finishes only. Unlisted alternatives remain unknown.
F0285,Hop's Snorlax,PPS7 JTG,JTG 117,German,confirmed,non-holo,confirmed,not-applicable,,The source lists known finishes only. Unlisted alternatives remain unknown.
F0286,Hop's Snorlax,PPS7 JTG,JTG 117,Italian,confirmed,non-holo,confirmed,not-applicable,,The source lists known finishes only. Unlisted alternatives remain unknown.
F0287,Hop's Snorlax,PPS7 JTG,JTG 117,Spanish,confirmed,non-holo,confirmed,not-applicable,,The source lists known finishes only. Unlisted alternatives remain unknown.
F0288,Hop's Snorlax,PPS7 JTG,JTG 117,Portuguese,confirmed,non-holo,confirmed,not-applicable,,The source lists known finishes only. Unlisted alternatives remain unknown.
F0289,Hop's Snorlax,PPS8 JTG,JTG 117,English,confirmed,non-holo; holo,confirmed,not-applicable,,The source lists known finishes only. Unlisted alternatives remain unknown.
F0290,Hop's Snorlax,PPS8 JTG,JTG 117,French,confirmed,non-holo; holo,confirmed,not-applicable,,The source lists known finishes only. Unlisted alternatives remain unknown.
F0291,Hop's Snorlax,PPS8 JTG,JTG 117,German,confirmed,non-holo; holo,confirmed,not-applicable,,The source lists known finishes only. Unlisted alternatives remain unknown.
F0292,Hop's Snorlax,PPS8 JTG,JTG 117,Italian,confirmed,non-holo; holo,confirmed,not-applicable,,The source lists known finishes only. Unlisted alternatives remain unknown.
F0293,Hop's Snorlax,PPS8 JTG,JTG 117,Spanish,confirmed,non-holo; holo,confirmed,not-applicable,,The source lists known finishes only. Unlisted alternatives remain unknown.
F0294,Hop's Snorlax,PPS8 JTG,JTG 117,Portuguese,confirmed,non-holo; holo,confirmed,not-applicable,,The source lists known finishes only. Unlisted alternatives remain unknown.
F0301,Snorlax Lv.40,Pt2,070,Japanese,marketplace-claimed,non-holo; reverse-holo,confirmed,pending,,The exact reverse- or mirror-holo pattern is not identified for every known printing of those types.
F0309,Snorlax Lv.37,RR,33,French,confirmed,non-holo; reverse-holo,partial,confirmed,V2,One or more Cardmarket product variants are not mapped to a logical printing: V2
F0310,Snorlax Lv.37,RR,33,German,confirmed,non-holo; reverse-holo,partial,confirmed,V2,One or more Cardmarket product variants are not mapped to a logical printing: V2
F0311,Snorlax Lv.37,RR,33,Italian,confirmed,non-holo; reverse-holo,partial,confirmed,V2,One or more Cardmarket product variants are not mapped to a logical printing: V2
F0320,Snorlax,S-P,156,Japanese,pending,,pending,not-applicable,base,No positive finish evidence has been recorded for this set-number-language unit. | One or more Cardmarket product variants are not mapped to a logical printing: base
F0324,Snorlax,s10a,058,Japanese,confirmed,non-holo; holo; reverse-holo,confirmed,pending,,The exact reverse- or mirror-holo pattern is not identified for every known printing of those types.
F0325,Snorlax,s10a,058,Korean,confirmed,non-holo; holo; reverse-holo,confirmed,pending,,The exact reverse- or mirror-holo pattern is not identified for every known printing of those types.
F0326,Snorlax,s10a,058,T-Chinese,confirmed,non-holo; reverse-holo,confirmed,pending,,The exact reverse- or mirror-holo pattern is not identified for every known printing of those types.
F0327,Snorlax,s10a,058,Indonesian,marketplace-claimed,non-holo; reverse-holo,confirmed,pending,,The exact reverse- or mirror-holo pattern is not identified for every known printing of those types.
F0328,Snorlax,s10a,058,Thai,marketplace-claimed,non-holo; reverse-holo,confirmed,pending,,The exact reverse- or mirror-holo pattern is not identified for every known printing of those types.
F0330,Snorlax,s10a,077,Korean,pending,,pending,not-applicable,V2,No positive finish evidence has been recorded for this set-number-language unit. | One or more Cardmarket product variants are not mapped to a logical printing: V2
F0332,Snorlax,s10a,077,Indonesian,pending,,pending,not-applicable,V2,No positive finish evidence has been recorded for this set-number-language unit. | One or more Cardmarket product variants are not mapped to a logical printing: V2
F0333,Snorlax,s10a,077,Thai,pending,,pending,not-applicable,V2,No positive finish evidence has been recorded for this set-number-language unit. | One or more Cardmarket product variants are not mapped to a logical printing: V2
F0349,Snorlax VMAX,s1H,70,Korean,pending,,pending,not-applicable,V2,No positive finish evidence has been recorded for this set-number-language unit. | One or more Cardmarket product variants are not mapped to a logical printing: V2
F0351,Snorlax,s2,77,Japanese,marketplace-claimed,non-holo; reverse-holo,confirmed,pending,,The exact reverse- or mirror-holo pattern is not identified for every known printing of those types.
F0352,Snorlax,s2,77,Korean,marketplace-claimed,non-holo; reverse-holo,confirmed,pending,,The exact reverse- or mirror-holo pattern is not identified for every known printing of those types.
F0354,Snorlax,s4,84,Japanese,confirmed,non-holo; holo; reverse-holo,confirmed,pending,,The exact reverse- or mirror-holo pattern is not identified for every known printing of those types.
F0355,Snorlax,s4,84,Korean,confirmed,non-holo; holo; reverse-holo,confirmed,pending,,The exact reverse- or mirror-holo pattern is not identified for every known printing of those types.
F0356,Snorlax,s4,84,T-Chinese,confirmed,non-holo; reverse-holo,confirmed,pending,,The exact reverse- or mirror-holo pattern is not identified for every known printing of those types.
F0357,Snorlax,s4,84,S-Chinese,marketplace-claimed,non-holo; reverse-holo,confirmed,pending,,The exact reverse- or mirror-holo pattern is not identified for every known printing of those types.
F0358,Snorlax,s5a,93,Japanese,confirmed,holo; reverse-holo,confirmed,pending,,The exact reverse- or mirror-holo pattern is not identified for every known printing of those types.
F0359,Snorlax,s5a,93,Korean,marketplace-claimed,reverse-holo,confirmed,pending,,The exact reverse- or mirror-holo pattern is not identified for every known printing of those types.
F0360,Snorlax,s5a,93,T-Chinese,marketplace-claimed,reverse-holo,confirmed,pending,,The exact reverse- or mirror-holo pattern is not identified for every known printing of those types.
F0361,Snorlax,s5a,93,Indonesian,marketplace-claimed,reverse-holo,confirmed,pending,,The exact reverse- or mirror-holo pattern is not identified for every known printing of those types.
F0362,Snorlax,s5a,93,Thai,marketplace-claimed,reverse-holo,confirmed,pending,,The exact reverse- or mirror-holo pattern is not identified for every known printing of those types.
F0363,Snorlax,s8b,126,Japanese,marketplace-claimed,reverse-holo,confirmed,pending,,The exact reverse- or mirror-holo pattern is not identified for every known printing of those types.
F0364,Snorlax,s8b,126,Korean,confirmed,holo; reverse-holo,confirmed,pending,,The exact reverse- or mirror-holo pattern is not identified for every known printing of those types.
F0365,Snorlax,s8b,126,T-Chinese,confirmed,non-holo; reverse-holo,confirmed,pending,,The exact reverse- or mirror-holo pattern is not identified for every known printing of those types.
F0366,Snorlax,s8b,126,Indonesian,marketplace-claimed,reverse-holo,confirmed,pending,,The exact reverse- or mirror-holo pattern is not identified for every known printing of those types.
F0367,Snorlax,s8b,126,Thai,marketplace-claimed,reverse-holo,confirmed,pending,,The exact reverse- or mirror-holo pattern is not identified for every known printing of those types.
F0368,Snorlax,sA,10,Japanese,pending,,pending,not-applicable,base,No positive finish evidence has been recorded for this set-number-language unit. | One or more Cardmarket product variants are not mapped to a logical printing: base
F0369,Snorlax,sA,10,Korean,pending,,pending,not-applicable,base,No positive finish evidence has been recorded for this set-number-language unit. | One or more Cardmarket product variants are not mapped to a logical printing: base
F0371,Snorlax,sH,038,Japanese,pending,,pending,not-applicable,base,No positive finish evidence has been recorded for this set-number-language unit. | One or more Cardmarket product variants are not mapped to a logical printing: base
F0372,Snorlax,sH,038,Korean,pending,,pending,not-applicable,base,No positive finish evidence has been recorded for this set-number-language unit. | One or more Cardmarket product variants are not mapped to a logical printing: base
F0374,Snorlax,sH,038,S-Chinese,pending,,pending,not-applicable,base,No positive finish evidence has been recorded for this set-number-language unit. | One or more Cardmarket product variants are not mapped to a logical printing: base
F0375,Snorlax,sI100,341,Japanese,marketplace-claimed,reverse-holo,confirmed,pending,,The exact reverse- or mirror-holo pattern is not identified for every known printing of those types.
F0376,Snorlax,sI100,341,Korean,marketplace-claimed,reverse-holo,confirmed,pending,,The exact reverse- or mirror-holo pattern is not identified for every known printing of those types.
F0377,Snorlax,sI100,341,T-Chinese,marketplace-claimed,reverse-holo,confirmed,pending,,The exact reverse- or mirror-holo pattern is not identified for every known printing of those types.
F0378,Snorlax,sI100,341,S-Chinese,marketplace-claimed,reverse-holo,confirmed,pending,,The exact reverse- or mirror-holo pattern is not identified for every known printing of those types.
F0379,Snorlax,sI100,342,Japanese,marketplace-claimed,reverse-holo,confirmed,pending,,The exact reverse- or mirror-holo pattern is not identified for every known printing of those types.
F0380,Snorlax,sI100,342,Korean,marketplace-claimed,reverse-holo,confirmed,pending,,The exact reverse- or mirror-holo pattern is not identified for every known printing of those types.
F0381,Snorlax,sI100,342,T-Chinese,marketplace-claimed,reverse-holo,confirmed,pending,,The exact reverse- or mirror-holo pattern is not identified for every known printing of those types.
F0382,Snorlax,sI100,342,S-Chinese,marketplace-claimed,reverse-holo,confirmed,pending,,The exact reverse- or mirror-holo pattern is not identified for every known printing of those types.
F0387,Snorlax GX,SM,05,French,confirmed,non-holo,pending,not-applicable,V2; base,"One or more Cardmarket product variants are not mapped to a logical printing: V2, base"
F0388,Snorlax GX,SM,05,German,confirmed,non-holo,pending,not-applicable,V2; base,"One or more Cardmarket product variants are not mapped to a logical printing: V2, base"
F0389,Snorlax GX,SM,05,Italian,confirmed,non-holo,pending,not-applicable,V2; base,"One or more Cardmarket product variants are not mapped to a logical printing: V2, base"
F0390,Snorlax GX,SM,05,Spanish,confirmed,non-holo,pending,not-applicable,V2; base,"One or more Cardmarket product variants are not mapped to a logical printing: V2, base"
F0391,Snorlax GX,SM,05,Portuguese,confirmed,non-holo,pending,not-applicable,V2; base,"One or more Cardmarket product variants are not mapped to a logical printing: V2, base"
F0399,Snorlax GX,SM-P,1,Korean,pending,,pending,not-applicable,base,No positive finish evidence has been recorded for this set-number-language unit. | One or more Cardmarket product variants are not mapped to a logical printing: base
F0401,Eevee & Snorlax GX,SM-P,297,Korean,pending,,pending,not-applicable,base,No positive finish evidence has been recorded for this set-number-language unit. | One or more Cardmarket product variants are not mapped to a logical printing: base
F0402,Snorlax,sm10,076,Japanese,confirmed,non-holo; holo; reverse-holo,confirmed,pending,,The exact reverse- or mirror-holo pattern is not identified for every known printing of those types.
F0403,Snorlax,sm10,076,Korean,confirmed,non-holo; holo; reverse-holo,confirmed,pending,,The exact reverse- or mirror-holo pattern is not identified for every known printing of those types.
F0406,Eevee & Snorlax GX,sm9,066,Korean,pending,,pending,not-applicable,V1,No positive finish evidence has been recorded for this set-number-language unit. | One or more Cardmarket product variants are not mapped to a logical printing: V1
F0409,Eevee & Snorlax GX,sm9,106,Korean,pending,,pending,not-applicable,V2,No positive finish evidence has been recorded for this set-number-language unit. | One or more Cardmarket product variants are not mapped to a logical printing: V2
F0412,Eevee & Snorlax GX,sm9,115,Korean,pending,,pending,not-applicable,V3,No positive finish evidence has been recorded for this set-number-language unit. | One or more Cardmarket product variants are not mapped to a logical printing: V3
F0414,Snorlax,smL,038,Japanese,pending,,pending,not-applicable,base,No positive finish evidence has been recorded for this set-number-language unit. | One or more Cardmarket product variants are not mapped to a logical printing: base
F0415,Snorlax,smL,038,Korean,pending,,pending,not-applicable,base,No positive finish evidence has been recorded for this set-number-language unit. | One or more Cardmarket product variants are not mapped to a logical printing: base
F0418,Snorlax,sN,008,Korean,pending,,pending,not-applicable,base,No positive finish evidence has been recorded for this set-number-language unit. | One or more Cardmarket product variants are not mapped to a logical printing: base
F0433,Snorlax VMAX,SSH,142,French,confirmed,holo,partial,not-applicable,V3,One or more Cardmarket product variants are not mapped to a logical printing: V3
F0434,Snorlax VMAX,SSH,142,German,confirmed,holo,partial,not-applicable,V3,One or more Cardmarket product variants are not mapped to a logical printing: V3
F0435,Snorlax VMAX,SSH,142,Italian,confirmed,holo,partial,not-applicable,V3,One or more Cardmarket product variants are not mapped to a logical printing: V3
F0436,Snorlax VMAX,SSH,142,Spanish,confirmed,holo,partial,not-applicable,V3,One or more Cardmarket product variants are not mapped to a logical printing: V3
F0437,Snorlax VMAX,SSH,142,Portuguese,confirmed,holo,pending,not-applicable,V1; V3,"One or more Cardmarket product variants are not mapped to a logical printing: V1, V3"
F0456,Snorlax,SV-P/CS,277,S-Chinese,marketplace-claimed,reverse-holo,confirmed,pending,,The exact reverse- or mirror-holo pattern is not identified for every known printing of those types.
F0460,Snorlax,SV-P/TH,082,Thai,pending,,pending,not-applicable,base,No positive finish evidence has been recorded for this set-number-language unit. | One or more Cardmarket product variants are not mapped to a logical printing: base
F0467,Snorlax,sv2a,181,Korean,pending,,pending,not-applicable,V2,No positive finish evidence has been recorded for this set-number-language unit. | One or more Cardmarket product variants are not mapped to a logical printing: V2
F0471,Snorlax,sv4a,145,Japanese,marketplace-claimed,reverse-holo,confirmed,pending,,The exact reverse- or mirror-holo pattern is not identified for every known printing of those types.
F0472,Snorlax,sv4a,145,Korean,marketplace-claimed,reverse-holo,confirmed,pending,,The exact reverse- or mirror-holo pattern is not identified for every known printing of those types.
F0473,Snorlax,sv4a,145,T-Chinese,marketplace-claimed,reverse-holo,confirmed,pending,,The exact reverse- or mirror-holo pattern is not identified for every known printing of those types.
F0474,Snorlax,sv4a,145,Indonesian,marketplace-claimed,reverse-holo,confirmed,pending,,The exact reverse- or mirror-holo pattern is not identified for every known printing of those types.
F0475,Snorlax,sv4a,145,Thai,marketplace-claimed,reverse-holo,confirmed,pending,,The exact reverse- or mirror-holo pattern is not identified for every known printing of those types.
F0477,Snorlax,sv4a,310,Korean,pending,,pending,not-applicable,V2,No positive finish evidence has been recorded for this set-number-language unit. | One or more Cardmarket product variants are not mapped to a logical printing: V2
F0480,Snorlax,sv4a,310,Thai,pending,,pending,not-applicable,V2,No positive finish evidence has been recorded for this set-number-language unit. | One or more Cardmarket product variants are not mapped to a logical printing: V2
F0492,Snorlax,svG,021,Japanese,pending,,pending,not-applicable,base,No positive finish evidence has been recorded for this set-number-language unit. | One or more Cardmarket product variants are not mapped to a logical printing: base
F0493,Snorlax,svG,021,Korean,pending,,pending,not-applicable,base,No positive finish evidence has been recorded for this set-number-language unit. | One or more Cardmarket product variants are not mapped to a logical printing: base
F0494,Snorlax,svG,021,T-Chinese,pending,,pending,not-applicable,base,No positive finish evidence has been recorded for this set-number-language unit. | One or more Cardmarket product variants are not mapped to a logical printing: base
F0495,Snorlax,svIba,046,Japanese,pending,,pending,not-applicable,base,No positive finish evidence has been recorded for this set-number-language unit. | One or more Cardmarket product variants are not mapped to a logical printing: base
F0496,Snorlax,svIba,046,Korean,pending,,pending,not-applicable,base,No positive finish evidence has been recorded for this set-number-language unit. | One or more Cardmarket product variants are not mapped to a logical printing: base
F0498,Snorlax,svIba,046,S-Chinese,pending,,pending,not-applicable,base,No positive finish evidence has been recorded for this set-number-language unit. | One or more Cardmarket product variants are not mapped to a logical printing: base
F0500,Snorlax,svLN,010,Korean,pending,,pending,not-applicable,base,No positive finish evidence has been recorded for this set-number-language unit. | One or more Cardmarket product variants are not mapped to a logical printing: base
F0503,Snorlax ex,svM,094,Korean,pending,,pending,not-applicable,base,No positive finish evidence has been recorded for this set-number-language unit. | One or more Cardmarket product variants are not mapped to a logical printing: base
F0504,Snorlax ex,svM,094,T-Chinese,pending,,pending,not-applicable,base,No positive finish evidence has been recorded for this set-number-language unit. | One or more Cardmarket product variants are not mapped to a logical printing: base
F0505,Snorlax ex,svM,094,Indonesian,pending,,pending,not-applicable,base,No positive finish evidence has been recorded for this set-number-language unit. | One or more Cardmarket product variants are not mapped to a logical printing: base
F0506,Snorlax ex,svM,094,Thai,pending,,pending,not-applicable,base,No positive finish evidence has been recorded for this set-number-language unit. | One or more Cardmarket product variants are not mapped to a logical printing: base
F0520,Hop's Snorlax,SVP,184,French,confirmed,holo,pending,not-applicable,V1; V2,"One or more Cardmarket product variants are not mapped to a logical printing: V1, V2"
F0521,Hop's Snorlax,SVP,184,German,confirmed,holo,pending,not-applicable,V1; V2,"One or more Cardmarket product variants are not mapped to a logical printing: V1, V2"
F0522,Hop's Snorlax,SVP,184,Italian,confirmed,holo,pending,not-applicable,V1; V2,"One or more Cardmarket product variants are not mapped to a logical printing: V1, V2"
F0523,Hop's Snorlax,SVP,184,Spanish,confirmed,holo,pending,not-applicable,V1; V2,"One or more Cardmarket product variants are not mapped to a logical printing: V1, V2"
F0524,Hop's Snorlax,SVP,184,Portuguese,confirmed,holo,pending,not-applicable,V1; V2,"One or more Cardmarket product variants are not mapped to a logical printing: V1, V2"
F0529,Snorlax,SWSH,032,Spanish,pending,,pending,not-applicable,base,No positive finish evidence has been recorded for this set-number-language unit. | One or more Cardmarket product variants are not mapped to a logical printing: base
F0530,Snorlax,SWSH,032,Portuguese,pending,,pending,not-applicable,base,No positive finish evidence has been recorded for this set-number-language unit. | One or more Cardmarket product variants are not mapped to a logical printing: base
F0579,Snorlax,VIV,131,French,confirmed,holo; reverse-holo,partial,confirmed,V2,One or more Cardmarket product variants are not mapped to a logical printing: V2
F0580,Snorlax,VIV,131,German,confirmed,holo; reverse-holo,partial,confirmed,V2,One or more Cardmarket product variants are not mapped to a logical printing: V2
F0581,Snorlax,VIV,131,Italian,confirmed,holo; reverse-holo,partial,confirmed,V2,One or more Cardmarket product variants are not mapped to a logical printing: V2
F0582,Snorlax,VIV,131,Spanish,confirmed,holo; reverse-holo,partial,confirmed,V2,One or more Cardmarket product variants are not mapped to a logical printing: V2
F0583,Snorlax,VIV,131,Portuguese,confirmed,holo; reverse-holo,partial,confirmed,V2,One or more Cardmarket product variants are not mapped to a logical printing: V2
F0585,Snorlax,WCD23 LOR,LOR 143,French,pending,,pending,not-applicable,base,No positive finish evidence has been recorded for this set-number-language unit. | One or more Cardmarket product variants are not mapped to a logical printing: base
F0598,Hop's Snorlax,xJTG,117,French,confirmed,holo,confirmed,not-applicable,,The underlying Cardmarket language claim is contradicted for at least one product variant.
F0619,Snorlax,XY-P,149,Japanese,marketplace-claimed,reverse-holo,confirmed,pending,,The exact reverse- or mirror-holo pattern is not identified for every known printing of those types.
F0620,Snorlax,XY-P,149,Korean,marketplace-claimed,reverse-holo,confirmed,pending,,The exact reverse- or mirror-holo pattern is not identified for every known printing of those types.
F0622,Snorlax,XY-P,261,Japanese,confirmed,holo; reverse-holo,confirmed,pending,,The exact reverse- or mirror-holo pattern is not identified for every known printing of those types.
F0635,Snorlax,XYPR,179,Spanish,pending,,pending,not-applicable,base,No positive finish evidence has been recorded for this set-number-language unit. | One or more Cardmarket product variants are not mapped to a logical printing: base
